214	228	5	1e+07
215	228	5	1e+07
216	228	5	1e+07
217	228	5	1e+07
218	228	5	1e+07
219	228	5	1e+07
220	228	5	1e+07
221	228	5	1e+07
222	228	5	1e+07
223	228	5	1e+07
224	228	5	1e+07
225	228	5	0
226	228	5	0
227	228	5	0
228	228	5	0
229	228	5	0
230	228	5	0
231	228	5	0
232	228	5	0
233	228	5	0
234	228	5	0
235	228	5	0
236	228	5	0
237	228	5	0
238	228	5	0
239	228	5	0
240	228	5	0
241	228	5	0
242	228	5	0
243	228	5	0
244	228	5	0
245	228	5	0
246	228	5	0
247	228	5	0
248	228	5	0
249	228	5	0
250	228	5	0
251	228	5	0
252	228	5	0
253	228	5	0
254	228	5	0
255	228	5	0
192	134	10	381264
193	134	10	381264
194	134	10	381264
195	134	10	381264
196	134	10	396514.5625
197	134	10	396514.5625
198	134	10	396514.5625
199	134	10	396514.5625
200	134	10	396514.5625
201	134	10	396514.5625
202	134	10	396514.5625
203	134	10	396514.5625
204	134	10	396514.5625
205	134	10	396514.5625
206	134	10	396514.5625
207	134	10	396514.5625
208	134	10	412375.15625
209	134	10	412375.15625
210	134	10	412375.15625
211	134	10	412375.15625
199	164	10	1863750
200	164	10	1863750
201	164	10	372750
202	164	10	372750
203	164	10	372750
204	164	10	372750
205	164	10	372750
206	164	10	372750
207	164	10	372750
208	164	10	395115
209	184	10	905445
211	184	10	4789804
212	184	10	9054450
213	184	10	905445
214	228	10	1e+06
215	228	10	1e+06
216	228	10	1e+06
217	228	10	1e+06
218	228	10	1e+06
219	228	10	1e+06
220	228	10	1e+06
221	228	10	1e+06
222	228	10	1e+06
223	228	10	1e+06
224	228	10	1e+06
225	228	10	1e+06
226	228	10	1e+06
227	228	10	0
228	228	10	0
229	228	10	0
230	228	10	0
231	228	10	0
232	228	10	0
233	228	10	0
234	228	10	0
235	228	10	0
236	228	10	0
237	228	10	0
238	228	10	0
239	228	10	0
240	228	10	0
241	228	10	0
242	228	10	0
243	228	10	0
244	228	10	0
245	228	10	0
246	228	10	0
247	228	10	0
248	228	10	0
249	228	10	0
250	228	10	0
251	228	10	0
252	228	10	0
253	228	10	0
254	228	10	0
255	228	10	0
192	134	12	365040
193	134	12	365040
194	134	12	365040
195	134	12	365040
196	134	12	379641.59375
197	134	12	379641.59375
198	134	12	379641.59375
199	134	12	379641.59375
200	134	12	379641.59375
201	134	12	379641.59375
202	134	12	379641.59375
203	134	12	379641.59375
204	134	12	379641.59375
205	134	12	379641.59375
206	134	12	379641.59375
207	134	12	379641.59375
208	134	12	394827.25
209	134	12	394827.25
210	134	12	394827.25
211	134	12	394827.25
199	164	12	1785000
200	164	12	1785000
201	164	12	357000
202	164	12	357000
203	164	12	357000
204	164	12	357000
209	184	12	873675
211	184	12	4621740.75
212	184	12	8736750
213	184	12	873675
199	164	14	1706250
200	164	14	1706250
201	164	14	341250
202	164	14	341250
203	164	14	341250
204	164	14	341250
205	164	14	341250
206	164	14	341250
207	164	14	341250
208	164	14	361725
209	184	14	841905
211	184	14	4453677.5
212	184	14	8419050
213	184	14	841905
199	164	15	3e+05
200	164	15	3e+05
201	164	15	3e+05
202	164	15	3e+05
203	164	15	3e+05
204	164	15	3e+05
205	164	15	3e+05
206	164	15	3e+05
207	164	15	3e+05
208	164	15	318000
192	134	16	356928
193	134	16	356928
194	134	16	356928
195	134	16	356928
196	134	16	371205.125
197	134	16	371205.125
198	134	16	371205.125
199	134	16	371205.125
200	134	16	371205.125
201	134	16	371205.125
202	134	16	371205.125
203	134	16	371205.125
204	134	16	371205.125
205	134	16	371205.125
206	134	16	371205.125
207	134	16	371205.125
208	134	16	386053.3125
209	134	16	386053.3125
210	134	16	386053.3125
211	134	16	386053.3125
199	164	16	1743750
200	164	16	1743750
201	164	16	348750
202	164	16	348750
203	164	16	348750
204	164	16	348750
205	164	16	348750
206	164	16	348750
207	164	16	348750
208	164	16	369675
209	184	16	873675
211	184	16	4621740.75
212	184	16	8736750
213	184	16	873675
196	134	18	2530944
197	134	18	2530944
198	134	18	2530944
199	134	18	2530944
200	134	18	2530944
201	134	18	2530944
202	134	18	2530944
203	134	18	2530944
204	134	18	2530944
205	134	18	2530944
206	134	18	2530944
207	134	18	2530944
208	134	18	2632181.75
209	134	18	2632181.75
210	134	18	2632181.75
211	134	18	2632181.75
212	134	18	2632181.75
213	134	18	2632181.75
214	134	18	2632181.75
175	140	18	1417500
176	140	18	1417500
177	140	18	1417500
178	140	18	1417500
179	140	18	1417500
180	140	18	1417500
181	140	18	1417500
182	140	18	1417500
183	140	18	1417500
184	140	18	1474200
185	140	18	1474200
186	140	18	1474200
187	140	18	1474200
188	140	18	1474200
189	140	18	1474200
190	140	18	1474200
191	140	18	1474200
192	140	18	1474200
193	140	18	1474200
194	140	18	1474200
195	140	18	1474200
196	140	18	1533168
197	140	18	1533168
198	140	18	1533168
199	140	18	1533168
200	140	18	1533168
201	140	18	1533168
202	140	18	1533168
203	140	18	1533168
204	140	18	1533168
205	140	18	1533168
206	140	18	1533168
207	140	18	1533168
208	140	18	1594494.75
209	140	18	1594494.75
210	140	18	1594494.75
211	140	18	1594494.75
212	140	18	1594494.75
213	140	18	1594494.75
214	140	18	1594494.75
215	140	18	1594494.75
216	140	18	1594494.75
217	140	18	1594494.75
218	140	18	1594494.75
219	140	18	1594494.75
220	140	18	1658274.5
221	140	18	1658274.5
222	140	18	1658274.5
189	144	18	1597500
190	144	18	1597500
191	144	18	1597500
192	144	18	1597500
193	144	18	1597500
194	144	18	1597500
195	144	18	1597500
196	144	18	1701337.5
197	144	18	1701337.5
198	144	18	1701337.5
199	144	18	1701337.5
200	144	18	1701337.5
201	144	18	1701337.5
202	144	18	1701337.5
203	144	18	1701337.5
204	144	18	1701337.5
205	144	18	1701337.5
206	144	18	1701337.5
207	144	18	1701337.5
208	144	18	1811924.5
192	156	18	2250000
193	156	18	2250000
194	156	18	2250000
195	156	18	2250000
196	156	18	2362500
197	156	18	2362500
198	156	18	2362500
199	156	18	2362500
200	156	18	2362500
201	156	18	2362500
202	156	18	2362500
203	156	18	2362500
204	156	18	2362500
205	156	18	2362500
206	156	18	2362500
207	156	18	2362500
208	156	18	2480625
209	156	18	2480625
210	156	18	2480625
211	156	18	2480625
212	156	18	2480625
213	156	18	2480625
214	156	18	2480625
215	156	18	2480625
216	156	18	2480625
217	156	18	2480625
218	156	18	2480625
219	156	18	2480625
220	156	18	2604656.25
221	156	18	2604656.25
222	156	18	2604656.25
223	156	18	2604656.25
224	156	18	2604656.25
225	156	18	2604656.25
192	157	18	3300000
193	157	18	3300000
194	157	18	3300000
195	157	18	3300000
196	157	18	3465000
197	157	18	3465000
198	157	18	3465000
199	157	18	3465000
200	157	18	3465000
201	157	18	3465000
202	157	18	3465000
203	157	18	3465000
204	157	18	3465000
205	157	18	3465000
206	157	18	3465000
207	157	18	3465000
208	157	18	3638250
209	157	18	3638250
210	157	18	3638250
211	157	18	3638250
212	157	18	3638250
213	157	18	3638250
214	157	18	3638250
215	157	18	3638250
216	157	18	3638250
217	157	18	3638250
218	157	18	3638250
219	157	18	3638250
220	157	18	3820162.5
221	157	18	3820162.5
222	157	18	3820162.5
223	157	18	3820162.5
203	162	18	2250000
204	162	18	2250000
205	162	18	2250000
206	162	18	2250000
207	162	18	2250000
208	162	18	2385000
209	162	18	2385000
210	162	18	2385000
211	162	18	2385000
212	162	18	2385000
209	169	18	3574200
210	169	18	3574200
211	169	18	3574200
212	169	18	3574200
213	169	18	3574200
214	169	18	3574200
215	169	18	3574200
216	169	18	3574200
217	169	18	3574200
218	169	18	3574200
219	169	18	3574200
220	169	18	3735039
221	169	18	3735039
222	169	18	3735039
223	169	18	3735039
224	169	18	3735039
225	169	18	3735039
226	169	18	3735039
227	169	18	3735039
228	169	18	3735039
229	169	18	3735039
230	169	18	3735039
231	169	18	3735039
232	169	18	3884440.5
208	180	18	2189250
209	180	18	2189250
210	180	18	2189250
211	180	18	2189250
212	180	18	2189250
213	180	18	2189250
213	185	18	2837430
214	185	18	2837430
215	185	18	2837430
216	185	18	2837430
217	185	18	2837430
218	185	18	2837430
219	185	18	2837430
187	144	21	1950000
188	144	21	1950000
189	144	21	1950000
190	144	21	1950000
191	144	21	1950000
192	144	21	1950000
193	144	21	1950000
194	144	21	1950000
195	144	21	1950000
196	144	21	2076750
197	144	21	2076750
198	144	21	2076750
199	144	21	2076750
200	144	21	2076750
201	144	21	2076750
202	144	21	2076750
203	144	21	2076750
204	144	21	2076750
205	144	21	2076750
206	144	21	2076750
207	144	21	2076750
208	144	21	2211738.75
175	131	31	1281057.125
176	131	31	2135095.25
177	131	31	2135095.25
178	131	31	2135095.25
179	131	31	2135095.25
180	131	31	2135095.25
181	131	31	2135095.25
182	131	31	2135095.25
183	131	31	2135095.25
184	131	31	2284551.75
185	131	31	2284551.75
186	131	31	2284551.75
187	131	31	2284551.75
188	131	31	2284551.75
189	131	31	2284551.75
190	131	31	2284551.75
191	131	31	2284551.75
192	131	31	2284551.75
193	131	31	2284551.75
194	131	31	2284551.75
195	131	31	1370731.125
196	131	31	2444470.5
197	131	31	2444470.5
198	131	31	2444470.5
199	131	31	2444470.5
200	131	31	2444470.5
201	131	31	2444470.5
202	131	31	2444470.5
203	131	31	2444470.5
204	131	31	2444470.5
205	131	31	2444470.5
206	131	31	2444470.5
207	131	31	2444470.5
208	131	31	2566694
209	131	31	2566694
189	133	31	4568400
190	133	31	4568400
191	133	31	4568400
192	133	31	4751136
193	133	31	4751136
194	133	31	4751136
195	133	31	4751136
196	133	31	4751136
197	133	31	4751136
198	133	31	4751136
199	133	31	4751136
200	133	31	4751136
201	133	31	4751136
202	133	31	4751136
203	133	31	4751136
204	133	31	4941181.5
205	133	31	4941181.5
206	133	31	4941181.5
207	133	31	4941181.5
208	133	31	4941181.5
209	133	31	4941181.5
210	133	31	4941181.5
211	133	31	4941181.5
212	133	31	4941181.5
213	133	31	4941181.5
214	133	31	4941181.5
175	134	31	4548960
176	134	31	4548960
181	134	31	4548960
182	134	31	4548960
183	134	31	4548960
184	134	31	4730918.5
185	134	31	4730918.5
186	134	31	4730918.5
187	134	31	4730918.5
188	134	31	4730918.5
189	134	31	4730918.5
190	134	31	4730918.5
191	134	31	4730918.5
192	134	31	4730918.5
193	134	31	4730918.5
194	134	31	4730918.5
195	134	31	4730918.5
196	134	31	4920155
197	134	31	4920155
198	134	31	4920155
199	134	31	4920155
200	134	31	4920155
201	134	31	4920155
202	134	31	4920155
203	134	31	4920155
204	134	31	4920155
205	134	31	4920155
206	134	31	4920155
207	134	31	4920155
208	134	31	5116961.5
209	134	31	5116961.5
210	134	31	5116961.5
211	134	31	5116961.5
212	134	31	5116961.5
213	134	31	5116961.5
214	134	31	5116961.5
176	139	31	2287480
177	139	31	2639400
178	139	31	2639400
179	139	31	2760812.5
180	139	31	2760812.5
181	139	31	6585203
182	139	31	2288591
183	139	31	4589268
184	139	31	3437362.25
185	139	31	4910518
186	139	31	4910518
187	139	31	4910518
188	139	31	4910518
189	139	31	4910518
190	139	31	4910518
191	139	31	4910518
192	139	31	4910518
193	139	31	4910518
194	139	31	4910518
195	139	31	4910518
196	139	31	5254254
197	139	31	5254254
198	139	31	5254254
199	139	31	5254254
200	139	31	5254254
201	139	31	2627127
202	139	31	5254254
203	139	31	5254254
204	139	31	5254254
205	139	31	5254254
206	139	31	5254254
207	139	31	5254254
208	139	31	5254254
209	139	31	5254254
210	139	31	5254254
211	139	31	5254254
212	139	31	5254254
174	140	31	3061800
175	140	31	3827250
176	140	31	3827250
177	140	31	3827250
178	140	31	3827250
179	140	31	3827250
180	140	31	3827250
181	140	31	3827250
182	140	31	3827250
183	140	31	3827250
184	140	31	3980340
185	140	31	3980340
186	140	31	3980340
187	140	31	3980340
188	140	31	3980340
189	140	31	3980340
190	140	31	3980340
191	140	31	3980340
192	140	31	3980340
193	140	31	3980340
194	140	31	3980340
195	140	31	3980340
196	140	31	4139553.5
197	140	31	4139553.5
198	140	31	4139553.5
199	140	31	4139553.5
200	140	31	4139553.5
201	140	31	4139553.5
202	140	31	4139553.5
203	140	31	4139553.5
204	140	31	4139553.5
205	140	31	4139553.5
206	140	31	4139553.5
207	140	31	4139553.5
208	140	31	4305135.5
209	140	31	4305135.5
210	140	31	4305135.5
211	140	31	4305135.5
212	140	31	4305135.5
213	140	31	4305135.5
214	140	31	4305135.5
215	140	31	4305135.5
216	140	31	4305135.5
217	140	31	4305135.5
218	140	31	4305135.5
219	140	31	4305135.5
220	140	31	4477341
221	140	31	4477341
222	140	31	4477341
175	141	31	4568400
176	141	31	4568400
177	141	31	4568400
178	141	31	4568400
179	141	31	4568400
180	141	31	4568400
181	141	31	4568400
182	141	31	4568400
183	141	31	4568400
184	141	31	4751136
185	141	31	4751136
186	141	31	4751136
187	141	31	4751136
188	141	31	4751136
189	141	31	4751136
190	141	31	4751136
191	141	31	4751136
192	141	31	4751136
193	141	31	4751136
194	141	31	4751136
195	141	31	4751136
196	141	31	4941181.5
197	141	31	4941181.5
198	141	31	4941181.5
199	141	31	4941181.5
200	141	31	4941181.5
201	141	31	4941181.5
202	141	31	4941181.5
203	141	31	4941181.5
204	141	31	4941181.5
205	141	31	4941181.5
206	141	31	4941181.5
186	144	31	5676237
187	144	31	5676237
188	144	31	5676237
189	144	31	5676237
190	144	31	5676237
191	144	31	5676237
192	144	31	5676237
193	144	31	5676237
194	144	31	5676237
195	144	31	5676237
196	144	31	6045192.5
197	144	31	6045192.5
198	144	31	6045192.5
199	144	31	6045192.5
200	144	31	6045192.5
201	144	31	6045192.5
202	144	31	6045192.5
203	144	31	6045192.5
204	144	31	6045192.5
205	144	31	6045192.5
206	144	31	6045192.5
207	144	31	6045192.5
208	144	31	6438130
198	145	31	3450600
199	145	31	5005800
200	145	31	5005800
201	145	31	5005800
202	145	31	3450600
186	147	31	3197880
187	147	31	3197880
188	147	31	3197880
189	147	31	3197880
190	147	31	3197880
191	147	31	3197880
192	147	31	3197880
193	147	31	3197880
194	147	31	3197880
195	147	31	3197880
196	147	31	3357774
197	147	31	3357774
198	147	31	3357774
199	147	31	3357774
200	147	31	3357774
201	147	31	3357774
202	147	31	3357774
203	147	31	3357774
204	147	31	3357774
205	147	31	3357774
206	147	31	3357774
207	147	31	3357774
208	147	31	3525662.75
201	150	31	4056156
202	150	31	8112312
203	150	31	4056156
204	150	31	4056156
205	150	31	4056156
206	150	31	4056156
207	150	31	4056156
208	150	31	4299525.5
209	150	31	4299525.5
210	150	31	4299525.5
211	150	31	4299525.5
212	150	31	4299525.5
213	150	31	4299525.5
214	150	31	4299525.5
215	150	31	4299525.5
216	150	31	4299525.5
217	150	31	4299525.5
218	150	31	4299525.5
219	150	31	4299525.5
220	150	31	4514501.5
221	150	31	4514501.5
222	150	31	4514501.5
223	150	31	4514501.5
224	150	31	4514501.5
225	150	31	4514501.5
226	150	31	4514501.5
227	150	31	4514501.5
228	150	31	4514501.5
229	150	31	18058006
191	152	31	1620000
192	152	31	2689200
193	152	31	2689200
194	152	31	2689200
195	152	31	2689200
196	152	31	2877444
197	152	31	2877444
198	152	31	2877444
199	152	31	2877444
200	152	31	2877444
201	152	31	2877444
202	152	31	2877444
203	152	31	2877444
204	152	31	2877444
205	152	31	2877444
206	152	31	2877444
207	152	31	2877444
208	152	31	3078865
209	152	31	3078865
210	152	31	3078865
192	156	31	4860000
193	156	31	4860000
194	156	31	4860000
195	156	31	4860000
196	156	31	5103000
197	156	31	5103000
198	156	31	5103000
199	156	31	5103000
200	156	31	5103000
201	156	31	5103000
202	156	31	5103000
203	156	31	5103000
204	156	31	5103000
205	156	31	5103000
206	156	31	5103000
207	156	31	5103000
208	156	31	5358150
209	156	31	5358150
210	156	31	5358150
211	156	31	5358150
212	156	31	5358150
213	156	31	5358150
214	156	31	5358150
215	156	31	5358150
216	156	31	5358150
217	156	31	5358150
218	156	31	5358150
219	156	31	5358150
220	156	31	5626057.5
221	156	31	5626057.5
222	156	31	5626057.5
223	156	31	5626057.5
224	156	31	5626057.5
225	156	31	5626057.5
188	157	31	3240000
189	157	31	3240000
190	157	31	3240000
191	157	31	3240000
192	157	31	3240000
193	157	31	3240000
194	157	31	3240000
195	157	31	3240000
196	157	31	3402000
197	157	31	3402000
198	157	31	3402000
199	157	31	3402000
200	157	31	3402000
201	157	31	3402000
202	157	31	3402000
203	157	31	3402000
204	157	31	3402000
205	157	31	3402000
206	157	31	3402000
207	157	31	3402000
208	157	31	3572100
209	157	31	3572100
210	157	31	3572100
211	157	31	3572100
212	157	31	3572100
213	157	31	3572100
214	157	31	3572100
215	157	31	3572100
216	157	31	3572100
217	157	31	3572100
218	157	31	3572100
219	157	31	3572100
220	157	31	3750705
221	157	31	3750705
222	157	31	3750705
223	157	31	3750705
200	162	31	2877444
201	162	31	2877444
202	162	31	2877444
203	162	31	2877444
204	162	31	2877444
205	162	31	2877444
206	162	31	2877444
207	162	31	2877444
208	162	31	3050090.75
209	162	31	3050090.75
210	162	31	3050090.75
211	162	31	3050090.75
212	162	31	3050090.75
197	163	31	3e+06
198	163	31	3e+06
199	163	31	3e+06
200	163	31	3e+06
201	163	31	3e+06
202	163	31	3e+06
203	163	31	3e+06
204	163	31	3e+06
205	163	31	3e+06
206	163	31	3e+06
207	163	31	3e+06
208	163	31	3210000
209	163	31	3210000
210	163	31	3210000
211	163	31	3210000
200	165	31	3288600
201	165	31	3288600
202	165	31	3288600
203	165	31	3288600
204	165	31	3288600
205	165	31	3288600
206	165	31	3288600
207	165	31	3288600
208	165	31	3485916
209	165	31	3485916
210	165	31	3485916
211	165	31	3485916
212	165	31	3485916
213	165	31	3485916
214	165	31	3485916
215	165	31	3485916
216	165	31	3485916
205	167	31	2430000
206	167	31	2430000
207	167	31	2430000
208	167	31	2575800
209	167	31	2575800
210	167	31	2575800
211	167	31	2575800
212	167	31	2575800
213	167	31	2575800
214	167	31	2575800
215	167	31	2575800
216	167	31	2575800
217	167	31	2575800
218	167	31	2575800
219	167	31	2575800
220	167	31	2730348
221	167	31	2730348
205	169	31	2127150
206	169	31	2127150
207	169	31	2127150
208	169	31	2233507.5
209	169	31	2233507.5
210	169	31	2233507.5
211	169	31	2233507.5
212	169	31	2233507.5
213	169	31	2233507.5
214	169	31	2233507.5
215	169	31	2233507.5
216	169	31	2233507.5
217	169	31	2233507.5
218	169	31	2233507.5
219	169	31	2233507.5
220	169	31	2334015.25
221	169	31	2334015.25
222	169	31	2334015.25
223	169	31	2334015.25
224	169	31	2334015.25
225	169	31	2334015.25
226	169	31	2334015.25
227	169	31	715955.625
228	169	31	715955.625
229	169	31	715955.625
230	169	31	715955.625
208	177	31	3555090
209	177	31	3555090
210	177	31	3555090
211	177	31	3555090
212	177	31	3555090
213	177	31	3555090
214	177	31	3555090
215	177	31	3555090
216	177	31	3555090
217	177	31	3555090
218	177	31	3555090
219	177	31	3555090
220	177	31	3715069
221	177	31	3715069
222	177	31	3715069
208	178	31	1786050
209	178	31	1786050
210	178	31	1786050
211	178	31	893025
208	180	31	2986956
209	180	31	2986956
210	180	31	2986956
211	180	31	2986956
212	180	31	2986956
213	180	31	2986956
214	180	31	2986956
208	184	31	4537709
209	184	31	4537709
210	184	31	4537709
211	184	31	48371977
212	184	31	22688545
213	184	31	4537709
213	185	31	3602401.25
214	185	31	3602401.25
215	185	31	3602401.25
216	185	31	3602401.25
217	185	31	3602401.25
218	185	31	3602401.25
219	185	31	3602401.25
208	191	31	4515574
209	191	31	4515574
210	191	31	4515574
211	191	31	4515574
212	191	31	4515574
211	196	31	1652400
213	196	31	1652400
210	203	31	3589110
211	203	31	3602718
212	203	31	3602718
213	203	31	3602718
214	203	31	3602718
199	164	32	5400000
200	164	32	5400000
201	164	32	5400000
202	164	32	5400000
203	164	32	5400000
204	164	32	5400000
205	164	32	5400000
206	164	32	5400000
207	164	32	5400000
208	164	32	5724000
209	164	32	5724000
210	164	32	2862000
205	169	34	5550000
206	169	34	5550000
207	169	34	5550000
208	169	34	5827500
209	169	34	5827500
210	169	34	5827500
211	169	34	5827500
212	169	34	5827500
213	169	34	5827500
214	169	34	5827500
215	169	34	5827500
216	169	34	5827500
217	169	34	5827500
218	169	34	5827500
219	169	34	5827500
220	169	34	6089737.5
221	169	34	6089737.5
222	169	34	6089737.5
223	169	34	6089737.5
224	169	34	6089737.5
225	169	34	6089737.5
226	169	34	6089737.5
208	177	34	3918750
209	177	34	3918750
210	177	34	3918750
211	177	34	3918750
212	177	34	3918750
213	177	34	3918750
214	177	34	3918750
215	177	34	3918750
216	177	34	3918750
220	177	34	4095093.75
221	177	34	4095093.75
222	177	34	4095093.75
199	164	36	3495000
200	164	36	3495000
201	164	36	3495000
202	164	36	3495000
203	164	36	3495000
204	164	36	3495000
205	164	36	3495000
206	164	36	3495000
207	164	36	3495000
208	164	36	3704700
199	164	46	4365000
200	164	46	4365000
201	164	46	4365000
202	164	46	4365000
203	164	46	4365000
204	164	46	4365000
205	164	46	4365000
206	164	46	4365000
207	164	46	4365000
208	164	46	4626900
175	131	48	4048020
176	131	48	6746700
177	131	48	6746700
178	131	48	6746700
179	131	48	6746700
180	131	48	6746700
181	131	48	6746700
182	131	48	6746700
183	131	48	4947580
184	131	48	6497072
185	131	48	7218969
186	131	48	7218969
187	131	48	7218969
188	131	48	7218969
189	131	48	7218969
190	131	48	7218969
191	131	48	7218969
192	131	48	7218969
193	131	48	7218969
194	131	48	7218969
195	131	48	3368852.25
196	131	48	7724297
197	131	48	7724297
198	131	48	7724297
199	131	48	7724297
200	131	48	7724297
201	131	48	7724297
202	131	48	7724297
203	131	48	7724297
204	131	48	7724297
205	131	48	7724297
206	131	48	7724297
207	131	48	7724297
208	131	48	8110511.5
209	131	48	8110511.5
185	133	48	8700000
186	133	48	8700000
187	133	48	8700000
189	133	48	8700000
190	133	48	8700000
191	133	48	8700000
192	133	48	9048000
193	133	48	9048000
194	133	48	9048000
195	133	48	9048000
196	133	48	9048000
197	133	48	9048000
198	133	48	9048000
199	133	48	9048000
200	133	48	9048000
201	133	48	9048000
202	133	48	9048000
203	133	48	9048000
204	133	48	9409920
205	133	48	9409920
206	133	48	9409920
207	133	48	9409920
208	133	48	9409920
209	133	48	9409920
210	133	48	9409920
211	133	48	9409920
212	133	48	9409920
213	133	48	9409920
214	133	48	9409920
175	134	48	13260000
176	134	48	13260000
181	134	48	13260000
182	134	48	13260000
183	134	48	13260000
184	134	48	13790400
185	134	48	13790400
186	134	48	13790400
187	134	48	13790400
188	134	48	13790400
189	134	48	13790400
190	134	48	13790400
191	134	48	13790400
192	134	48	13790400
193	134	48	13790400
194	134	48	13790400
195	134	48	13790400
196	134	48	14342016
197	134	48	14342016
198	134	48	14342016
199	134	48	14342016
200	134	48	14342016
201	134	48	14342016
202	134	48	14342016
203	134	48	14342016
204	134	48	14342016
205	134	48	14342016
206	134	48	14342016
207	134	48	14342016
208	134	48	14915697
209	134	48	14915697
210	134	48	14915697
211	134	48	14915697
212	134	48	14915697
213	134	48	14915697
214	134	48	14915697
181	139	48	4387795
182	139	48	8227116
183	139	48	6033218.5
188	139	48	1282975
189	139	48	4811156
190	139	48	4811156
191	139	48	4811156
192	139	48	4811156
193	139	48	9622312
194	139	48	9622312
195	139	48	9622312
196	139	48	10295874
197	139	48	10295874
198	139	48	10295874
199	139	48	10295874
200	139	48	10295874
201	139	48	10295874
202	139	48	10295874
203	139	48	10295874
204	139	48	10295874
205	139	48	10295874
206	139	48	10295874
207	139	48	10295874
208	139	48	10295874
209	139	48	10295874
210	139	48	10295874
211	139	48	10295874
212	139	48	10295874
174	140	48	7087500
175	140	48	14175000
176	140	48	14175000
177	140	48	14175000
178	140	48	14175000
179	140	48	14175000
180	140	48	14175000
181	140	48	14175000
182	140	48	14175000
183	140	48	14175000
184	140	48	14742000
185	140	48	14742000
186	140	48	14742000
187	140	48	14742000
188	140	48	14742000
189	140	48	14742000
190	140	48	14742000
191	140	48	14742000
192	140	48	14742000
193	140	48	14742000
194	140	48	14742000
195	140	48	14742000
196	140	48	15331680
197	140	48	15331680
198	140	48	15331680
199	140	48	15331680
200	140	48	15331680
201	140	48	15331680
202	140	48	15331680
203	140	48	15331680
204	140	48	15331680
205	140	48	15331680
206	140	48	15331680
207	140	48	15331680
208	140	48	15944947
209	140	48	15944947
210	140	48	15944947
211	140	48	15944947
212	140	48	15944947
213	140	48	15944947
214	140	48	15944947
215	140	48	15944947
216	140	48	15944947
217	140	48	15944947
218	140	48	15944947
219	140	48	15944947
220	140	48	16582745
221	140	48	16582745
222	140	48	16582745
179	141	48	7950000
180	141	48	7950000
181	141	48	7950000
182	141	48	7950000
183	141	48	7950000
184	141	48	8268000
185	141	48	8268000
186	141	48	8268000
187	141	48	8268000
188	141	48	8268000
189	141	48	8268000
190	141	48	8268000
191	141	48	8268000
192	141	48	8268000
193	141	48	8268000
194	141	48	8268000
195	141	48	8268000
196	141	48	8598720
197	141	48	8598720
198	141	48	8598720
199	141	48	8598720
200	141	48	8598720
201	141	48	8598720
202	141	48	8598720
203	141	48	8598720
204	141	48	8598720
205	141	48	8598720
206	141	48	8598720
186	144	48	12460500
187	144	48	12460500
188	144	48	12460500
189	144	48	12460500
190	144	48	12460500
191	144	48	12460500
192	144	48	12460500
193	144	48	12460500
194	144	48	12460500
195	144	48	12460500
196	144	48	13270432
197	144	48	13270432
198	144	48	13270432
199	144	48	13270432
200	144	48	13270432
201	144	48	13270432
202	144	48	13270432
203	144	48	13270432
204	144	48	13270432
205	144	48	13270432
206	144	48	13270432
207	144	48	13270432
208	144	48	14133011
186	147	48	9135000
187	147	48	9135000
188	147	48	9135000
189	147	48	9135000
190	147	48	9135000
191	147	48	9135000
192	147	48	9135000
193	147	48	9135000
194	147	48	9135000
195	147	48	9135000
196	147	48	9591750
197	147	48	9591750
198	147	48	9591750
199	147	48	9591750
200	147	48	9591750
201	147	48	9591750
202	147	48	9591750
203	147	48	9591750
204	147	48	9591750
205	147	48	9591750
206	147	48	9591750
207	147	48	9591750
208	147	48	10071338
190	148	48	8400000
191	148	48	8400000
192	148	48	8400000
193	148	48	8400000
194	148	48	8400000
195	148	48	8400000
196	148	48	8820000
197	148	48	8820000
198	148	48	8820000
199	148	48	8820000
200	148	48	8820000
201	148	48	8820000
202	148	48	8820000
203	148	48	8820000
204	148	48	8820000
205	148	48	8820000
206	148	48	8820000
207	148	48	8820000
208	148	48	9261000
209	148	48	9261000
210	148	48	9261000
211	148	48	9261000
212	148	48	9261000
213	148	48	9261000
214	148	48	9261000
215	148	48	9261000
216	148	48	9261000
217	148	48	9261000
218	148	48	9261000
219	148	48	9261000
220	148	48	9724050
201	150	48	8025000
202	150	48	16050000
203	150	48	8025000
204	150	48	8025000
205	150	48	8025000
206	150	48	8025000
207	150	48	8025000
208	150	48	8506500
209	150	48	8506500
210	150	48	8506500
211	150	48	8506500
212	150	48	8506500
213	150	48	8506500
214	150	48	8506500
215	150	48	8506500
216	150	48	8506500
217	150	48	8506500
218	150	48	8506500
219	150	48	8506500
220	150	48	8931825
221	150	48	8931825
222	150	48	8931825
223	150	48	8931825
224	150	48	8931825
225	150	48	8931825
226	150	48	8931825
227	150	48	8931825
228	150	48	8931825
229	150	48	35727300
190	153	48	1590000
191	153	48	1590000
192	153	48	1590000
193	153	48	1590000
194	153	48	1590000
195	153	48	1590000
196	153	48	1669500
197	153	48	1669500
198	153	48	1669500
199	153	48	1669500
200	153	48	1669500
194	154	48	550000
195	154	48	8250000
196	154	48	8827500
197	154	48	8827500
198	154	48	8827500
199	154	48	882750
200	154	48	8239000
201	154	48	8827500
202	154	48	8386125
203	154	48	8239000
204	154	48	7412157.5
188	157	48	9150000
189	157	48	9150000
190	157	48	9150000
191	157	48	9150000
192	157	48	9150000
193	157	48	9150000
194	157	48	9150000
195	157	48	9150000
196	157	48	9607500
197	157	48	9607500
198	157	48	9607500
199	157	48	9607500
200	157	48	9607500
201	157	48	9607500
202	157	48	9607500
203	157	48	9607500
204	157	48	9607500
205	157	48	9607500
206	157	48	9607500
207	157	48	9607500
208	157	48	10087875
209	157	48	10087875
210	157	48	10087875
211	157	48	10087875
212	157	48	10087875
213	157	48	10087875
214	157	48	10087875
215	157	48	10087875
216	157	48	10087875
217	157	48	10087875
218	157	48	10087875
219	157	48	10087875
220	157	48	10592269
221	157	48	10592269
222	157	48	10592269
223	157	48	10592269
199	164	48	8850000
200	164	48	8850000
201	164	48	8850000
202	164	48	8850000
203	164	48	8850000
204	164	48	8850000
205	164	48	8850000
206	164	48	8850000
207	164	48	8850000
208	164	48	9381000
209	164	48	9381000
210	164	48	4690500
200	165	48	10791126
201	165	48	10791126
202	165	48	10791126
203	165	48	10791126
204	165	48	10791126
205	165	48	10791126
206	165	48	10791126
207	165	48	10791126
208	165	48	11438594
209	165	48	11438594
210	165	48	11438594
211	165	48	11438594
212	165	48	11438594
213	165	48	11438594
214	165	48	11438594
215	165	48	11438594
216	165	48	11438594
206	171	48	8880000
207	171	48	8880000
208	171	48	9412800
209	171	48	9412800
210	171	48	9412800
211	171	48	9412800
212	171	48	9412800
213	171	48	9412800
214	171	48	9412800
215	171	48	9412800
216	171	48	9412800
208	174	48	4874999.5
209	174	48	4874999.5
210	174	48	9749999
211	174	48	9749999
212	174	48	9749999
213	174	48	9749999
206	175	48	10631520
207	175	48	10631520
208	175	48	11269411
209	175	48	11269411
210	175	48	11269411
211	175	48	11269411
212	175	48	11269411
213	175	48	11269411
214	175	48	11269411
215	175	48	11269411
216	175	48	11269411
217	175	48	11269411
218	175	48	11269411
219	175	48	11269411
220	175	48	11832882
221	175	48	11832882
222	175	48	11832882
223	175	48	11832882
224	175	48	11832882
225	175	48	11832882
226	175	48	11832882
213	185	48	8827560
214	185	48	8827560
215	185	48	8827560
216	185	48	8827560
217	185	48	8827560
218	185	48	8827560
219	185	48	8827560
208	191	48	11614130
209	191	48	11614130
210	191	48	11614130
211	191	48	11614130
212	191	48	11614130
205	167	55	7590000
206	167	55	7590000
207	167	55	7590000
208	167	55	8045400
209	167	55	8045400
210	167	55	8045400
211	167	55	8045400
212	167	55	8045400
213	167	55	8045400
214	167	55	8045400
215	167	55	8045400
216	167	55	8045400
217	167	55	8045400
218	167	55	8045400
219	167	55	8045400
220	167	55	8528124
221	167	55	8528124
192	152	59	9150000
193	152	59	9150000
194	152	59	9150000
195	152	59	9150000
196	152	59	9790500
197	152	59	9790500
198	152	59	9790500
199	152	59	9790500
200	152	59	9790500
201	152	59	9790500
202	152	59	9790500
203	152	59	9790500
204	152	59	9790500
205	152	59	9790500
206	152	59	9790500
207	152	59	9790500
208	152	59	10475835
209	152	59	10475835
210	152	59	10475835
205	169	59	8880000
206	169	59	8880000
207	169	59	8880000
208	169	59	9324000
209	169	59	9324000
210	169	59	9324000
211	169	59	9324000
212	169	59	9324000
213	169	59	9324000
214	169	59	9324000
215	169	59	9324000
216	169	59	9324000
217	169	59	9324000
218	169	59	9324000
219	169	59	9324000
220	169	59	9743580
221	169	59	9743580
222	169	59	9743580
223	169	59	9743580
224	169	59	9743580
225	169	59	9743580
226	169	59	9743580
227	169	59	9743580
228	169	59	9743580
229	169	59	9743580
230	169	59	9743580
231	169	59	9743580
232	169	59	10133323
200	162	64	6580500
201	162	64	6580500
202	162	64	6580500
203	162	64	6580500
204	162	64	6580500
205	162	64	6580500
206	162	64	6580500
207	162	64	6580500
208	162	64	6975330
209	162	64	6975330
210	162	64	6975330
211	162	64	6975330
212	162	64	6975330
214	196	64	6900000
215	196	64	6900000
216	196	64	6900000
217	196	64	6900000
218	196	64	6900000
219	196	64	6900000
220	196	64	7245000
221	196	64	7245000
222	196	64	7245000
223	196	64	7245000
224	196	64	7245000
225	196	64	7245000
205	167	66	7590000
206	167	66	7590000
207	167	66	7590000
208	167	66	8045400
209	167	66	8045400
210	167	66	8045400
211	167	66	8045400
212	167	66	8045400
213	167	66	8045400
214	167	66	8045400
215	167	66	8045400
216	167	66	8045400
217	167	66	8045400
218	167	66	8045400
219	167	66	8045400
220	167	66	8528124
221	167	66	8528124
188	157	68	705000
189	157	68	705000
190	157	68	705000
191	157	68	705000
211	196	68	915000
213	196	68	915000
205	172	69	634500
206	172	69	634500
207	172	69	634500
211	196	69	885000
213	196	69	885000
194	154	73	12474000
195	154	73	12474000
196	154	73	12012462
197	154	73	13347180
198	154	73	13347180
199	154	73	13347180
200	154	73	13347180
201	154	73	13347180
202	154	73	13347180
203	154	73	13347180
204	154	73	13347180
205	154	73	13347180
206	154	73	13347180
207	154	73	13347180
208	154	73	14134664
209	154	73	14134664
210	154	73	14134664
199	164	75	11502000
200	164	75	11502000
201	164	75	11502000
202	164	75	11502000
203	164	75	11502000
204	164	75	11502000
205	164	75	11502000
206	164	75	11502000
207	164	75	11502000
208	164	75	12192120
209	164	75	12192120
210	164	75	6096060
208	179	75	10500000
209	179	75	10500000
210	179	75	10500000
211	179	75	10500000
212	179	75	10500000
192	152	79	5925000
193	152	79	5925000
194	152	79	5925000
195	152	79	5925000
196	152	79	6339750
197	152	79	6339750
198	152	79	6339750
199	152	79	6339750
200	152	79	6339750
201	152	79	6339750
202	152	79	6339750
203	152	79	6339750
204	152	79	6339750
205	152	79	6339750
206	152	79	6339750
176	131	83	2217520
177	131	83	3326280
178	131	83	776132
179	131	83	554380
180	131	83	3326280
181	131	83	3326280
182	131	83	3326280
183	131	83	2771900
184	131	83	3215403.5
185	131	83	3459331.25
186	131	83	3459331.25
187	131	83	3459331.25
188	131	83	3459331.25
189	131	83	3459331.25
190	131	83	1960287.625
191	131	83	3459331.25
192	131	83	3459331.25
193	131	83	3459331.25
194	131	83	3459331.25
195	131	83	3459331.25
196	131	83	2714422
197	131	83	3701484.5
198	131	83	3331336
199	131	83	3701484.5
200	131	83	3701484.5
201	131	83	3701484.5
202	131	83	3701484.5
203	131	83	3701484.5
204	131	83	3701484.5
205	131	83	3701484.5
206	131	83	3701484.5
207	131	83	3701484.5
208	131	83	3701484.5
189	133	83	4078350
190	133	83	4078350
191	133	83	4078350
192	133	83	4241484
193	133	83	4241484
194	133	83	4241484
195	133	83	4241484
196	133	83	4241484
197	133	83	4241484
198	133	83	4241484
199	133	83	4241484
200	133	83	4241484
201	133	83	4241484
202	133	83	4241484
203	133	83	4241484
204	133	83	4411143.5
205	133	83	4411143.5
206	133	83	4411143.5
207	133	83	4411143.5
208	133	83	4411143.5
209	133	83	4411143.5
210	133	83	4411143.5
211	133	83	4411143.5
212	133	83	4411143.5
198	145	83	7450740
199	145	83	7450740
200	145	83	7450740
201	145	83	7450740
186	147	83	3505950
187	147	83	3505950
188	147	83	3505950
189	147	83	3505950
190	147	83	3505950
191	147	83	3505950
192	147	83	3505950
193	147	83	3505950
194	147	83	3505950
195	147	83	3505950
196	147	83	3681247.5
197	147	83	3681247.5
198	147	83	3681247.5
199	147	83	3681247.5
200	147	83	3681247.5
201	147	83	3681247.5
202	147	83	3681247.5
203	147	83	3681247.5
204	147	83	3681247.5
205	147	83	3681247.5
206	147	83	3681247.5
207	147	83	3681247.5
202	150	83	3572730
203	150	83	3572730
204	150	83	3572730
205	150	83	3572730
206	150	83	3572730
207	150	83	3572730
208	150	83	3787093.75
209	150	83	3787093.75
210	150	83	3787093.75
211	150	83	3787093.75
212	150	83	3787093.75
213	150	83	3787093.75
214	150	83	3787093.75
215	150	83	3787093.75
216	150	83	3787093.75
217	150	83	3787093.75
218	150	83	3787093.75
219	150	83	3787093.75
220	150	83	3976448.5
221	150	83	3976448.5
222	150	83	3976448.5
223	150	83	3976448.5
224	150	83	3976448.5
225	150	83	3976448.5
226	150	83	3976448.5
227	150	83	3976448.5
228	150	83	3976448.5
229	150	83	7952897
190	153	83	4363834.5
191	153	83	4363834.5
192	153	83	4363834.5
193	153	83	4363834.5
194	153	83	4363834.5
195	153	83	4363834.5
196	153	83	4582026
197	153	83	4582026
198	153	83	4582026
199	153	83	4582026
200	153	83	4582026
192	155	83	1399200
193	155	83	3498000
194	155	83	3498000
195	155	83	3498000
196	155	83	2744764
197	155	83	3742860
198	155	83	3742860
199	155	83	3742860
200	155	83	3742860
201	155	83	3742860
202	155	83	3742860
203	155	83	3742860
204	155	83	3742860
205	155	83	3742860
206	155	83	3742860
208	155	83	3871364.75
209	155	83	4004860.25
210	155	83	4004860.25
192	157	83	3752400
193	157	83	3752400
194	157	83	3752400
195	157	83	3752400
196	157	83	3940020
197	157	83	3940020
198	157	83	3940020
199	157	83	3940020
200	157	83	3940020
201	157	83	3940020
202	157	83	3940020
203	157	83	3940020
204	157	83	3940020
205	157	83	3940020
206	157	83	3940020
207	157	83	3940020
208	157	83	4137021
209	157	83	4137021
210	157	83	4137021
211	157	83	4137021
212	157	83	4137021
213	157	83	4137021
214	157	83	4137021
215	157	83	4137021
216	157	83	4137021
217	157	83	4137021
218	157	83	4137021
219	157	83	4137021
220	157	83	4343872
221	157	83	4343872
203	162	83	3742860
204	162	83	3742860
205	162	83	3742860
206	162	83	3742860
207	162	83	3742860
208	162	83	3967431.5
209	162	83	3967431.5
210	162	83	3967431.5
211	162	83	3967431.5
212	162	83	3967431.5
197	163	83	6996000
198	163	83	6996000
199	163	83	6996000
200	163	83	6996000
201	163	83	6996000
202	163	83	6996000
203	163	83	6996000
204	163	83	6996000
205	163	83	6996000
206	163	83	6996000
207	163	83	6996000
208	163	83	7485720
209	163	83	7485720
210	163	83	7485720
206	171	83	3611500
207	171	83	3611500
208	171	83	7656380
209	171	83	7656380
210	171	83	7656380
211	171	83	7656380
212	171	83	7656380
213	171	83	7656380
214	171	83	7656380
215	171	83	7656380
216	171	83	3828190
206	175	83	3456358
207	175	83	3456358
208	175	83	3663739.25
209	175	83	3663739.25
210	175	83	3663739.25
211	175	83	3663739.25
212	175	83	3663739.25
213	175	83	3663739.25
214	175	83	3663739.25
215	175	83	3663739.25
216	175	83	3663739.25
217	175	83	3663739.25
218	175	83	3663739.25
219	175	83	3663739.25
220	175	83	3846926.25
221	175	83	3846926.25
222	175	83	3846926.25
223	175	83	3846926.25
224	175	83	3846926.25
225	175	83	3846926.25
213	185	83	3926687.75
214	185	83	3926687.75
215	185	83	3926687.75
216	185	83	3926687.75
217	185	83	3926687.75
218	185	83	3926687.75
219	185	83	3926687.75
214	196	83	3498000
215	196	83	3498000
216	196	83	3498000
217	196	83	3498000
218	196	83	3498000
219	196	83	3498000
220	196	83	3672900
221	196	83	3672900
222	196	83	3672900
223	196	83	3672900
224	196	83	3672900
225	196	83	3672900
208	179	89	3434400
209	179	89	3434400
208	179	90	3434400
209	179	90	3434400
210	179	90	3434400
199	141	103	3267513.5
200	141	103	3267513.5
201	141	103	3267513.5
202	141	103	3267513.5
203	141	103	3267513.5
204	141	103	3267513.5
193	141	104	3472560
194	141	104	3472560
195	141	104	3472560
196	141	104	3611462.5
197	141	104	3611462.5
198	141	104	3611462.5
199	141	104	3611462.5
200	141	104	3611462.5
201	141	104	3611462.5
202	141	104	3611462.5
203	141	104	3611462.5
204	141	104	3611462.5
205	161	104	3372390
206	161	104	3372390
207	161	104	3372390
208	161	104	3541009.5
209	161	104	3541009.5
210	161	104	3541009.5
211	161	104	3541009.5
212	161	104	3541009.5
213	161	104	3541009.5
214	161	104	3541009.5
215	161	104	3541009.5
216	161	104	3541009.5
217	161	104	3541009.5
205	167	116	3975000
206	167	116	3975000
207	167	116	3975000
208	167	116	4213500
209	167	116	4213500
210	167	116	4213500
211	167	116	4213500
212	167	116	4213500
213	167	116	4213500
214	167	116	4213500
215	167	116	4213500
192	156	117	3211800
193	156	117	3211800
194	156	117	3211800
195	156	117	3211800
196	156	117	3372390
197	156	117	3372390
198	156	117	3372390
199	156	117	3372390
200	156	117	3372390
201	156	117	3372390
202	156	117	3372390
203	156	117	3372390
204	156	117	3372390
205	156	117	3372390
206	156	117	3372390
207	156	117	3372390
208	156	117	3541009.5
209	156	117	3541009.5
210	156	117	3541009.5
211	156	117	3541009.5
212	156	117	3541009.5
213	156	117	3541009.5
214	156	117	3541009.5
215	156	117	3541009.5
216	156	117	3541009.5
217	156	117	3541009.5
218	156	117	3541009.5
219	156	117	3541009.5
220	156	117	3718060
221	156	117	3718060
222	156	117	3718060
223	156	117	3718060
224	156	117	3718060
225	156	117	3718060
192	144	118	3219750
193	144	118	3219750
194	144	118	3219750
195	144	118	3219750
196	144	118	3429033.75
197	144	118	3429033.75
198	144	118	3429033.75
199	144	118	3429033.75
200	144	118	3429033.75
201	144	118	3429033.75
202	144	118	3429033.75
203	144	118	3429033.75
204	144	118	3429033.75
205	144	118	3429033.75
174	140	120	3339000
175	140	120	3339000
176	140	120	3339000
177	140	120	3339000
178	140	120	3339000
179	140	120	3339000
180	140	120	3339000
181	140	120	3339000
182	140	120	3339000
183	140	120	3339000
184	140	120	3472560
185	140	120	3472560
186	140	120	3472560
187	140	120	3472560
188	140	120	3472560
189	140	120	3472560
190	140	120	3472560
191	140	120	3472560
192	140	120	3472560
193	140	120	3472560
194	140	120	3472560
195	140	120	3472560
196	140	120	3611462.5
197	140	120	3611462.5
198	140	120	3611462.5
199	140	120	3611462.5
200	140	120	3611462.5
201	140	120	3611462.5
202	140	120	3611462.5
203	140	120	3611462.5
204	140	120	3611462.5
205	140	120	3611462.5
206	140	120	3611462.5
207	140	120	3611462.5
208	140	120	3755921
209	140	120	3755921
210	140	120	3755921
211	140	120	3755921
212	140	120	3755921
213	140	120	3755921
214	140	120	3755921
215	140	120	3755921
216	140	120	3755921
217	140	120	3755921
177	141	120	3975000
178	141	120	3975000
179	141	120	3975000
180	141	120	3975000
181	141	120	3975000
182	141	120	3975000
183	141	120	3975000
184	141	120	4134000
185	141	120	4134000
186	141	120	4134000
187	141	120	4134000
188	141	120	4134000
189	141	120	4134000
190	141	120	4134000
191	141	120	4134000
192	141	120	4134000
193	141	120	4134000
194	141	120	4134000
195	141	120	4134000
196	141	120	4299360
197	141	120	4299360
198	141	120	4299360
199	141	120	4299360
200	141	120	4299360
201	141	120	4299360
202	141	120	4299360
203	141	120	4299360
204	141	120	4299360
186	144	120	4233375
187	144	120	4233375
188	144	120	4233375
189	144	120	4233375
190	144	120	4233375
191	144	120	4233375
192	144	120	4233375
193	144	120	4233375
194	144	120	4233375
195	144	120	4233375
196	144	120	4508544.5
197	144	120	4508544.5
198	144	120	4508544.5
199	144	120	4508544.5
200	144	120	4508544.5
201	144	120	4508544.5
202	144	120	4508544.5
203	144	120	4508544.5
204	144	120	4508544.5
205	144	120	4508544.5
206	144	120	4508544.5
207	144	120	4508544.5
208	144	120	4801600
190	148	120	3370800
191	148	120	3370800
192	148	120	3370800
193	148	120	3370800
194	148	120	3370800
195	148	120	3370800
196	148	120	3539340
197	148	120	3539340
198	148	120	3539340
199	148	120	3539340
200	148	120	3539340
201	148	120	3539340
202	148	120	3539340
203	148	120	3539340
204	148	120	3539340
205	148	120	3539340
206	148	120	3539340
207	148	120	3539340
208	148	120	3716307
209	148	120	3716307
210	148	120	3716307
211	148	120	3716307
212	148	120	3716307
213	148	120	3716307
214	148	120	3716307
215	148	120	3716307
216	148	120	3716307
217	148	120	3716307
218	148	120	3716307
219	148	120	3716307
192	152	120	3211800
193	152	120	3211800
194	152	120	3211800
195	152	120	3211800
196	152	120	3436626
197	152	120	3436626
198	152	120	3436626
199	152	120	3436626
200	152	120	3436626
201	152	120	3436626
202	152	120	3436626
203	152	120	3436626
204	152	120	3436626
205	152	120	3436626
206	152	120	3436626
207	152	120	3436626
208	152	120	3677189.75
209	152	120	3677189.75
192	156	120	3498000
193	156	120	3498000
194	156	120	3498000
195	156	120	3498000
196	156	120	3672900
197	156	120	3672900
198	156	120	3672900
199	156	120	3672900
200	156	120	3672900
201	156	120	3672900
202	156	120	3672900
203	156	120	3672900
204	156	120	3672900
205	156	120	3672900
206	156	120	3672900
207	156	120	3672900
208	156	120	3856545
209	156	120	3856545
210	156	120	3856545
211	156	120	3856545
212	156	120	3856545
213	156	120	3856545
214	156	120	3856545
215	156	120	3856545
216	156	120	3856545
217	156	120	3856545
218	156	120	3856545
219	156	120	3856545
220	156	120	4049372.25
221	156	120	4049372.25
222	156	120	4049372.25
223	156	120	4049372.25
224	156	120	4049372.25
225	156	120	4049372.25
196	161	120	3672900
197	161	120	3672900
198	161	120	3672900
199	161	120	3672900
200	161	120	3672900
201	161	120	3672900
202	161	120	3672900
203	161	120	3672900
204	161	120	3672900
205	161	120	3672900
206	161	120	3672900
207	161	120	3672900
208	161	120	3856545
209	161	120	3856545
210	161	120	3856545
211	161	120	3856545
212	161	120	3856545
213	161	120	3856545
214	161	120	3856545
215	161	120	3856545
216	161	120	3856545
217	161	120	3856545
208	191	120	5294740
209	191	120	5294740
210	191	120	5294740
211	191	120	5294740
212	191	120	5294740
211	203	120	3637029.5
212	203	120	3637029.5
213	203	120	3637029.5
214	203	120	3637029.5
208	179	121	3434400
209	179	121	3434400
210	179	121	3434400
208	179	128	3434400
209	179	128	3434400
210	179	128	3434400
211	179	128	3434400
181	139	129	3181638
182	139	129	3817965
183	139	129	3817965
186	144	133	3048030
187	144	133	3048030
188	144	133	3048030
189	144	133	3048030
190	144	133	3048030
191	144	133	3048030
192	144	133	3048030
193	144	133	3048030
194	144	133	3048030
195	144	133	3048030
196	144	133	3246152
197	144	133	3246152
198	144	133	3246152
199	144	133	3246152
200	144	133	3246152
201	144	133	3246152
202	144	133	3246152
203	144	133	3246152
204	144	133	3246152
205	144	133	3246152
206	144	133	3246152
207	144	133	3246152
208	144	133	3457151.75
203	162	133	3742860
204	162	133	3742860
205	162	133	3742860
206	162	133	3742860
207	162	133	3742860
208	162	133	3967431.5
209	162	133	3967431.5
210	162	133	3967431.5
211	162	133	3967431.5
212	162	133	3967431.5
208	179	141	3434401.5
208	179	145	3434400
209	179	145	3434400
210	179	145	3434400
189	133	156	4200000
190	133	156	4200000
191	133	156	4200000
192	133	156	4368000
193	133	156	4368000
194	133	156	4368000
195	133	156	4368000
196	133	156	4368000
197	133	156	4368000
198	133	156	4368000
199	133	156	4368000
200	133	156	4368000
201	133	156	4368000
202	133	156	4368000
203	133	156	4368000
204	133	156	4542720
205	133	156	4542720
206	133	156	4542720
207	133	156	4542720
208	133	156	4542720
209	133	156	4542720
210	133	156	4542720
211	133	156	4542720
212	133	156	4542720
175	134	156	4134000
176	134	156	4134000
181	134	156	4134000
182	134	156	4134000
183	134	156	4134000
184	134	156	4299360
185	134	156	4299360
186	134	156	4299360
187	134	156	4299360
188	134	156	4299360
189	134	156	4299360
190	134	156	4299360
191	134	156	4299360
192	134	156	4299360
193	134	156	4299360
194	134	156	4299360
195	134	156	4299360
196	134	156	4471334.5
197	134	156	4471334.5
198	134	156	4471334.5
199	134	156	4471334.5
200	134	156	4471334.5
201	134	156	4471334.5
202	134	156	4471334.5
203	134	156	4471334.5
204	134	156	4471334.5
205	134	156	4471334.5
206	134	156	4471334.5
207	134	156	4471334.5
208	134	156	4650188
209	134	156	4650188
210	134	156	4650188
211	134	156	4650188
176	139	156	1699533.375
177	139	156	1961000
178	139	156	1961000
179	139	156	261466.671875
181	139	156	1746943.875
182	139	156	2096332.625
183	139	156	2096332.625
184	139	156	2243076
185	139	156	2243076
186	139	156	2243076
187	139	156	2243076
188	139	156	2243076
189	139	156	2243076
190	139	156	2243076
191	139	156	2243076
192	139	156	2243076
193	139	156	2243076
194	139	156	2243076
195	139	156	2243076
196	139	156	2400091.25
197	139	156	2400091.25
198	139	156	2400091.25
199	139	156	2400091.25
200	139	156	2400091.25
201	139	156	2400091.25
202	139	156	2400091.25
203	139	156	2400091.25
204	139	156	2400091.25
181	141	156	3600000
182	141	156	3600000
183	141	156	3600000
184	141	156	3744000
185	141	156	3744000
186	141	156	3744000
187	141	156	3744000
188	141	156	3744000
189	141	156	3744000
190	141	156	3744000
191	141	156	3744000
192	141	156	3744000
193	141	156	3744000
194	141	156	3744000
195	141	156	3744000
196	141	156	3893760
197	141	156	3893760
198	141	156	3893760
199	141	156	3893760
200	141	156	3893760
201	141	156	3893760
202	141	156	3893760
203	141	156	3893760
204	141	156	3893760
186	144	156	3834000
187	144	156	3834000
188	144	156	3834000
189	144	156	3834000
190	144	156	3834000
191	144	156	3834000
192	144	156	3834000
193	144	156	3834000
194	144	156	3834000
195	144	156	3834000
196	144	156	4083210
197	144	156	4083210
198	144	156	4083210
199	144	156	4083210
200	144	156	4083210
201	144	156	4083210
202	144	156	4083210
203	144	156	4083210
204	144	156	4083210
205	144	156	4083210
198	145	156	1757250
199	145	156	2417250
201	145	156	1757250
186	147	156	4725000
187	147	156	4725000
188	147	156	4725000
189	147	156	4725000
190	147	156	4725000
191	147	156	4725000
192	147	156	4725000
193	147	156	4725000
194	147	156	4725000
195	147	156	4725000
196	147	156	4961250
197	147	156	4961250
198	147	156	4961250
199	147	156	4961250
200	147	156	4961250
201	147	156	4961250
202	147	156	4961250
203	147	156	4961250
204	147	156	4961250
205	147	156	4961250
206	147	156	4961250
207	147	156	4961250
201	150	156	1926000
202	150	156	3852000
203	150	156	1926000
204	150	156	1926000
205	150	156	1926000
206	150	156	3852000
207	150	156	3852000
208	150	156	4083120
209	150	156	4083120
210	150	156	4083120
211	150	156	4083120
212	150	156	4083120
213	150	156	4083120
214	150	156	4083120
215	150	156	4083120
216	150	156	4083120
217	150	156	4083120
218	150	156	4083120
219	150	156	4083120
220	150	156	4287276
221	150	156	4287276
222	150	156	4287276
223	150	156	4287276
224	150	156	4287276
225	150	156	4287276
226	150	156	4287276
192	156	156	3900000
193	156	156	3900000
194	156	156	3900000
195	156	156	3900000
196	156	156	4095000
197	156	156	4095000
198	156	156	4095000
199	156	156	4095000
200	156	156	4095000
201	156	156	4095000
202	156	156	4095000
203	156	156	4095000
204	156	156	4095000
205	156	156	4095000
206	156	156	4095000
207	156	156	4095000
208	156	156	4299750
209	156	156	4299750
210	156	156	4299750
211	156	156	4299750
212	156	156	4299750
213	156	156	4299750
214	156	156	4299750
215	156	156	4299750
216	156	156	4299750
217	156	156	4299750
218	156	156	4299750
219	156	156	4299750
220	156	156	4514737.5
221	156	156	4514737.5
222	156	156	4514737.5
223	156	156	4514737.5
224	156	156	4514737.5
225	156	156	4514737.5
200	162	156	2487750
201	162	156	2487750
202	162	156	2487750
203	162	156	2487750
210	177	156	1826137.5
211	177	156	1826137.5
212	177	156	1826137.5
213	177	156	1826137.5
214	177	156	1826137.5
208	179	156	4050000
209	179	156	4050000
210	179	156	4050000
213	185	156	4334962.5
214	185	156	4334962.5
215	185	156	4334962.5
216	185	156	4334962.5
217	185	156	4334962.5
218	185	156	4334962.5
219	185	156	4334962.5
210	203	156	1843612.5
211	203	156	1850602.5
212	203	156	1850602.5
192	134	159	2895984
193	134	159	2895984
194	134	159	2895984
195	134	159	2895984
196	134	159	3098703
197	134	159	3098703
198	134	159	3098703
199	134	159	3098703
200	134	159	3098703
201	134	159	3098703
202	134	159	3098703
203	134	159	3098703
204	134	159	3098703
205	134	159	3098703
206	134	159	3098703
207	134	159	3098703
208	134	159	3315612
209	134	159	3315612
210	134	159	3315612
211	134	159	3315612
199	145	159	2487750
200	145	159	2487750
201	145	159	2487750
191	152	159	2175000
193	158	159	6e+06
194	158	159	6e+06
195	158	159	6e+06
196	158	159	6420000
197	158	159	6420000
198	158	159	6420000
199	158	159	6420000
200	165	159	6e+06
201	165	159	6e+06
202	165	159	6e+06
203	165	159	6e+06
204	165	159	6e+06
205	165	159	6e+06
206	165	159	6e+06
207	165	159	6e+06
208	165	159	6360000
209	165	159	6360000
210	165	159	6360000
211	165	159	6360000
212	165	159	6360000
213	165	159	6360000
214	165	159	6360000
215	165	159	6360000
216	165	159	6360000
208	177	159	6740250
209	177	159	6740250
210	177	159	6740250
211	177	159	6740250
212	177	159	6740250
213	177	159	6740250
214	177	159	6740250
215	177	159	6740250
216	177	159	6740250
217	177	159	6740250
218	177	159	6740250
219	177	159	6740250
220	177	159	7043561
221	177	159	7043561
222	177	159	7043561
211	196	159	3450000
213	196	159	3450000
210	203	159	2595300
176	139	173	2308800
177	139	173	2664000
178	139	173	2664000
179	139	173	2786544
180	139	173	2786544
181	139	173	2786544
182	139	173	2786544
208	177	177	1826137.5
214	177	177	1826137.5
215	177	177	1826137.5
220	177	177	1908313.75
221	177	177	1908313.75
222	177	177	1908313.75
208	179	178	1725000
209	179	178	1725000
210	179	178	1725000
186	147	179	4410000
187	147	179	4410000
188	147	179	4410000
189	147	179	4410000
190	147	179	4410000
191	147	179	4410000
192	147	179	4410000
193	147	179	4410000
194	147	179	4410000
195	147	179	4410000
196	147	179	4630500
197	147	179	4630500
198	147	179	4630500
199	147	179	4630500
200	147	179	4630500
201	147	179	4630500
202	147	179	4630500
203	147	179	4630500
204	147	179	4630500
205	147	179	4630500
206	147	179	4630500
207	147	179	4630500
208	147	179	4862025
198	145	183	5431500
199	145	183	5431500
200	145	183	5431500
201	145	183	5431500
202	145	183	5431500
189	133	190	4200000
190	133	190	4200000
191	133	190	4200000
192	133	190	4368000
193	133	190	4368000
194	133	190	4368000
195	133	190	4368000
196	133	190	4368000
197	133	190	4368000
198	133	190	4368000
199	133	190	4368000
200	133	190	4368000
201	133	190	4368000
202	133	190	4368000
203	133	190	4368000
204	133	190	4542720
205	133	190	4542720
206	133	190	4542720
207	133	190	4542720
208	133	190	4542720
209	133	190	4542720
210	133	190	4542720
211	133	190	4542720
212	133	190	4542720
213	133	190	4542720
214	133	190	4542720
175	134	190	4680000
176	134	190	4680000
181	134	190	4680000
182	134	190	4680000
183	134	190	4680000
184	134	190	4867200
185	134	190	4867200
186	134	190	4867200
187	134	190	4867200
188	134	190	4867200
189	134	190	4867200
190	134	190	4867200
191	134	190	4867200
192	134	190	4867200
193	134	190	4867200
194	134	190	4867200
195	134	190	4867200
196	134	190	5061888
197	134	190	5061888
198	134	190	5061888
199	134	190	5061888
200	134	190	5061888
201	134	190	5061888
202	134	190	5061888
203	134	190	5061888
204	134	190	5061888
205	134	190	5061888
206	134	190	5061888
207	134	190	5061888
208	134	190	5264363.5
209	134	190	5264363.5
210	134	190	5264363.5
211	134	190	5264363.5
212	134	190	5264363.5
213	134	190	5264363.5
214	134	190	5264363.5
181	139	190	1054759
182	139	190	3164275.5
183	139	190	3955344.5
184	139	190	4232218.5
185	139	190	4232218.5
186	139	190	4232218.5
187	139	190	4232218.5
188	139	190	4232218.5
189	139	190	4232218.5
190	139	190	4232218.5
191	139	190	4232218.5
192	139	190	4232218.5
193	139	190	4232218.5
194	139	190	4232218.5
195	139	190	4232218.5
196	139	190	4528473.5
197	139	190	4528473.5
198	139	190	4528473.5
199	139	190	4528473.5
200	139	190	4528473.5
201	139	190	4528473.5
202	139	190	4528473.5
203	139	190	4528473.5
204	139	190	4528473.5
205	139	190	4528473.5
206	139	190	4528473.5
207	139	190	4528473.5
208	139	190	4528473.5
209	139	190	4528473.5
210	139	190	4528473.5
211	139	190	4528473.5
212	139	190	4528473.5
181	141	190	4200000
182	141	190	4200000
183	141	190	4200000
184	141	190	4368000
185	141	190	4368000
186	141	190	4368000
187	141	190	4368000
188	141	190	4368000
189	141	190	4368000
190	141	190	4368000
191	141	190	4368000
192	141	190	4368000
193	141	190	4368000
194	141	190	4368000
195	141	190	4368000
196	141	190	4542720
197	141	190	4542720
198	141	190	4542720
199	141	190	4542720
200	141	190	4542720
201	141	190	4542720
202	141	190	4542720
203	141	190	4542720
204	141	190	4542720
205	141	190	4542720
206	141	190	4542720
189	144	190	4473000
190	144	190	4473000
191	144	190	4473000
192	144	190	4473000
193	144	190	4473000
194	144	190	4473000
195	144	190	4473000
196	144	190	4763745
197	144	190	4763745
198	144	190	4763745
199	144	190	4763745
200	144	190	4763745
201	144	190	4763745
202	144	190	4763745
203	144	190	4763745
204	144	190	4763745
205	144	190	4763745
206	144	190	4763745
207	144	190	4763745
208	144	190	5073388.5
186	147	190	4410000
187	147	190	4410000
188	147	190	4410000
189	147	190	4410000
190	147	190	4410000
191	147	190	4410000
192	147	190	4410000
193	147	190	4410000
194	147	190	4410000
195	147	190	4410000
196	147	190	4630500
197	147	190	4630500
198	147	190	4630500
199	147	190	4630500
200	147	190	4630500
201	147	190	4630500
202	147	190	4630500
203	147	190	4630500
204	147	190	4630500
205	147	190	4630500
206	147	190	4630500
207	147	190	4630500
208	147	190	4862025
193	148	190	3450000
194	148	190	3450000
195	148	190	3450000
196	148	190	3622500
197	148	190	3622500
198	148	190	3622500
199	148	190	3622500
200	148	190	3622500
201	148	190	3622500
202	148	190	3622500
203	148	190	3622500
204	148	190	3622500
205	148	190	3622500
206	148	190	3622500
207	148	190	3622500
208	148	190	3803625
209	148	190	3803625
210	148	190	3803625
211	148	190	3803625
212	148	190	3803625
213	148	190	3803625
214	148	190	3803625
215	148	190	3803625
216	148	190	3803625
217	148	190	3803625
218	148	190	3803625
219	148	190	3803625
220	148	190	3993806.25
204	150	190	3370500
205	150	190	3370500
206	150	190	3370500
207	150	190	3370500
208	150	190	3572730
209	150	190	3572730
210	150	190	3572730
211	150	190	3572730
212	150	190	3572730
213	150	190	3572730
214	150	190	3572730
215	150	190	3572730
216	150	190	3572730
217	150	190	3572730
218	150	190	3572730
219	150	190	3572730
220	150	190	3751366.5
221	150	190	3751366.5
222	150	190	3751366.5
223	150	190	3751366.5
224	150	190	3751366.5
225	150	190	3751366.5
226	150	190	3751366.5
227	150	190	3751366.5
228	150	190	3751366.5
229	150	190	15005466
190	153	190	4494000
191	153	190	4494000
192	153	190	4494000
193	153	190	4494000
194	153	190	4494000
195	153	190	4494000
196	153	190	4718700
197	153	190	4718700
198	153	190	4718700
199	153	190	4718700
200	153	190	4718700
192	156	190	5100000
193	156	190	5100000
194	156	190	5100000
195	156	190	5100000
196	156	190	5355000
197	156	190	5355000
198	156	190	5355000
199	156	190	5355000
200	156	190	5355000
201	156	190	5355000
202	156	190	5355000
203	156	190	5355000
204	156	190	5355000
205	156	190	5355000
206	156	190	5355000
207	156	190	5355000
208	156	190	5622750
209	156	190	5622750
210	156	190	5622750
211	156	190	5622750
212	156	190	5622750
213	156	190	5622750
214	156	190	5622750
215	156	190	5622750
216	156	190	5622750
217	156	190	5622750
218	156	190	5622750
219	156	190	5622750
220	156	190	5903887.5
221	156	190	5903887.5
222	156	190	5903887.5
223	156	190	5903887.5
224	156	190	5903887.5
225	156	190	5903887.5
202	161	190	3465000
203	161	190	3465000
204	161	190	3465000
205	161	190	3465000
206	161	190	3465000
207	161	190	3465000
208	161	190	3638250
209	161	190	3638250
210	161	190	3638250
211	161	190	3638250
212	161	190	3638250
213	161	190	3638250
214	161	190	3638250
215	161	190	3638250
216	161	190	3638250
217	161	190	3638250
218	161	190	3638250
219	161	190	3638250
205	167	190	3450000
206	167	190	3450000
207	167	190	3450000
208	167	190	3657000
209	167	190	3657000
210	167	190	3657000
211	167	190	3657000
212	167	190	3657000
213	167	190	3657000
214	167	190	3657000
215	167	190	3657000
216	167	190	3657000
217	167	190	3657000
206	175	190	4808580
207	175	190	4808580
208	175	190	5097095
209	175	190	5097095
210	175	190	5097095
211	175	190	5097095
212	175	190	5097095
213	175	190	5097095
214	175	190	5097095
215	175	190	5097095
216	175	190	5097095
217	175	190	5097095
218	175	190	5097095
219	175	190	5097095
220	175	190	5351949.5
221	175	190	5351949.5
222	175	190	5351949.5
223	175	190	5351949.5
224	175	190	5351949.5
225	175	190	5351949.5
226	175	190	5351949.5
208	179	190	3450000
209	179	190	3450000
210	179	190	3450000
211	179	190	3450000
212	179	190	3450000
208	191	190	6611120.5
209	191	190	6611120.5
210	191	190	6611120.5
211	191	190	6611120.5
212	191	190	6611120.5
211	203	190	1243335.25
212	203	190	1243335.25
213	203	190	1243335.25
214	203	190	1243335.25
174	140	193	6750000
175	140	193	6750000
176	140	193	6750000
177	140	193	6750000
178	140	193	6750000
179	140	193	6750000
180	140	193	6750000
181	140	193	6750000
182	140	193	6750000
183	140	193	6750000
184	140	193	7020000
185	140	193	7020000
186	140	193	7020000
187	140	193	7020000
188	140	193	7020000
189	140	193	7020000
190	140	193	7020000
191	140	193	7020000
192	140	193	7020000
193	140	193	7020000
194	140	193	7020000
195	140	193	7020000
196	140	193	7300800
197	140	193	7300800
198	140	193	7300800
199	140	193	7300800
200	140	193	7300800
201	140	193	7300800
202	140	193	7300800
203	140	193	7300800
204	140	193	7300800
205	140	193	7300800
206	140	193	7300800
207	140	193	7300800
208	140	193	7592832
209	140	193	7592832
210	140	193	7592832
211	140	193	7592832
212	140	193	7592832
213	140	193	7592832
214	140	193	7592832
215	140	193	7592832
216	140	193	7592832
217	140	193	7592832
218	140	193	7592832
219	140	193	7592832
220	140	193	7896545.5
221	140	193	7896545.5
222	140	193	7896545.5
175	140	194	4410000
176	140	194	4410000
177	140	194	4410000
178	140	194	4410000
179	140	194	4410000
180	140	194	4410000
181	140	194	4410000
182	140	194	4410000
183	140	194	4410000
184	140	194	4586400
185	140	194	4586400
186	140	194	4586400
187	140	194	4586400
188	140	194	4586400
189	140	194	4586400
190	140	194	4586400
191	140	194	4586400
192	140	194	4586400
193	140	194	4586400
194	140	194	4586400
195	140	194	4586400
196	140	194	4769856
197	140	194	4769856
198	140	194	4769856
199	140	194	4769856
200	140	194	4769856
201	140	194	4769856
202	140	194	4769856
203	140	194	4769856
204	140	194	4769856
205	140	194	4769856
206	140	194	4769856
207	140	194	4769856
208	140	194	4960650
209	140	194	4960650
210	140	194	4960650
211	140	194	4960650
212	140	194	4960650
213	140	194	4960650
214	140	194	4960650
215	140	194	4960650
216	140	194	4960650
217	140	194	4960650
218	140	194	4960650
219	140	194	4960650
220	140	194	5159076
221	140	194	5159076
222	140	194	5159076
192	152	196	1305000
193	152	196	1305000
194	152	196	1305000
195	152	196	1305000
196	152	196	1396350
197	152	196	1396350
198	152	196	1396350
199	152	196	1396350
200	152	196	1396350
201	152	196	1396350
202	152	196	1396350
203	152	196	1396350
204	152	196	1396350
205	152	196	1396350
206	152	196	1396350
208	179	202	5400000
209	179	202	5400000
210	179	202	5400000
183	134	203	5616000
184	134	203	5840640
185	134	203	5840640
186	134	203	5840640
187	134	203	5840640
188	134	203	5840640
189	134	203	5840640
190	134	203	5840640
191	134	203	5840640
192	134	203	5840640
193	134	203	5840640
194	134	203	5840640
195	134	203	5840640
196	134	203	6074265.5
197	134	203	6074265.5
198	134	203	6074265.5
199	134	203	6074265.5
200	134	203	6074265.5
201	134	203	6074265.5
202	134	203	6074265.5
189	147	214	6142500
190	147	214	6142500
191	147	214	6142500
192	147	214	6142500
193	147	214	6142500
194	147	214	6142500
195	147	214	6142500
196	147	214	6449625
181	141	218	6900000
182	141	218	6900000
183	141	218	6900000
184	141	218	7176000
185	141	218	7176000
186	141	218	7176000
187	141	218	7176000
188	141	218	7176000
189	141	218	7176000
190	141	218	7176000
191	141	218	7176000
192	141	218	7176000
193	141	218	7176000
194	141	218	7176000
195	141	218	7176000
196	141	218	7463040
197	141	218	7463040
198	141	218	7463040
199	141	218	7463040
200	141	218	7463040
201	141	218	7463040
202	141	218	7463040
203	141	218	7463040
204	141	218	7463040
211	150	218	6464940
212	150	218	6464940
213	150	218	6464940
214	150	218	6464940
215	150	218	6464940
216	150	218	6464940
217	150	218	6464940
218	150	218	6464940
219	150	218	6464940
220	150	218	6788187
221	150	218	6788187
222	150	218	6788187
223	150	218	6788187
224	150	218	6788187
225	150	218	6788187
226	150	218	6788187
227	150	218	6788187
228	150	218	6788187
229	150	218	13576374
197	156	218	2220750
198	156	218	2220750
199	156	218	2220750
200	156	218	2220750
201	156	218	2220750
202	156	218	2220750
203	156	218	2220750
204	156	218	2220750
205	156	218	2220750
206	156	218	2220750
207	156	218	2220750
208	156	218	2331787.5
209	156	218	2331787.5
210	156	218	2331787.5
211	156	218	2331787.5
212	156	218	2331787.5
213	156	218	2331787.5
214	156	218	2331787.5
215	156	218	2331787.5
216	156	218	2331787.5
217	156	218	2331787.5
218	156	218	2331787.5
219	156	218	2331787.5
220	156	218	2448377
221	156	218	2448377
222	156	218	2448377
223	156	218	2448377
224	156	218	2448377
225	156	218	2448377
204	157	218	6457500
205	157	218	6457500
206	157	218	6457500
207	157	218	6457500
208	157	218	6780375
209	157	218	6780375
210	157	218	6780375
211	157	218	6780375
212	157	218	6780375
213	157	218	6780375
214	157	218	6780375
215	157	218	6780375
216	157	218	6780375
217	157	218	6780375
218	157	218	6780375
219	157	218	6780375
220	157	218	7119394
221	157	218	7119394
208	195	218	3812236.75
209	195	218	7147944
210	195	218	7147944
211	195	218	7147944
212	195	218	7147944
213	195	218	7147944
208	179	227	5400000
209	179	227	5400000
194	144	228	6230250
195	144	228	6230250
196	144	228	6635216
197	144	228	6635216
198	144	228	6635216
199	144	228	6635216
200	144	228	6635216
201	144	228	6635216
202	144	228	6635216
203	144	228	6635216
204	144	228	6635216
205	144	228	6635216
206	144	228	6635216
207	144	228	6635216
208	144	228	7066505.5
192	144	229	6230250
193	144	229	6230250
194	144	229	6230250
195	144	229	6230250
196	144	229	6635216
197	144	229	6635216
198	144	229	6635216
199	144	229	6635216
200	144	229	6635216
201	144	229	6635216
202	144	229	6635216
203	144	229	6635216
204	144	229	6635216
205	144	229	6635216
186	144	230	8250000
187	144	230	8250000
188	144	230	8250000
189	144	230	8250000
190	144	230	8250000
191	144	230	8250000
192	144	230	8250000
193	144	230	8250000
194	144	230	8250000
195	144	230	8250000
196	144	230	8786250
197	144	230	8786250
198	144	230	8786250
199	144	230	8786250
200	144	230	8786250
201	144	230	8786250
202	144	230	8786250
203	144	230	8786250
204	144	230	8786250
205	144	230	8786250
206	144	230	8786250
207	144	230	8786250
208	144	230	9357356
187	134	235	6976320
188	134	235	6976320
189	134	235	6976320
190	134	235	6976320
191	134	235	6976320
192	134	235	6976320
193	134	235	6976320
194	134	235	6976320
195	134	235	6976320
196	134	235	7255373
197	134	235	7255373
198	134	235	7255373
199	134	235	7255373
200	134	235	7255373
201	134	235	7255373
202	134	235	7255373
203	134	235	7255373
204	134	235	7255373
205	134	235	7255373
206	134	235	7255373
207	134	235	7255373
208	134	235	7545587.5
209	134	235	7545587.5
183	139	235	2725272
184	139	235	2916041
185	139	235	2916041
198	144	235	7485885
199	144	235	7485885
200	144	235	7485885
201	144	235	7485885
202	144	235	7485885
203	144	235	7485885
204	144	235	7485885
205	144	235	7485885
206	144	235	7485885
207	144	235	7485885
208	144	235	7972467.5
197	163	235	7050000
198	163	235	7050000
199	163	235	7050000
200	163	235	7050000
201	163	235	7050000
202	163	235	7050000
203	163	235	7050000
204	163	235	7050000
205	163	235	7050000
206	163	235	7050000
207	163	235	7050000
208	163	235	7543500
209	163	235	7543500
210	163	235	7543500
211	163	235	7543500
215	185	235	6667960.5
216	185	235	6667960.5
217	185	235	6667960.5
218	185	235	6667960.5
219	185	235	6667960.5
208	179	250	5400000
209	179	250	5400000
210	179	250	5400000
193	133	253	6739200
194	133	253	6739200
195	133	253	6739200
196	133	253	6739200
197	133	253	6739200
198	133	253	6739200
199	133	253	6739200
200	133	253	6739200
201	133	253	6739200
202	133	253	6739200
203	133	253	6739200
204	133	253	7008768
205	133	253	7008768
206	133	253	7008768
207	133	253	7008768
208	133	253	7008768
209	133	253	7008768
210	133	253	7008768
211	133	253	7008768
212	133	253	7008768
186	147	259	3937500
187	147	259	3937500
188	147	259	3937500
189	147	259	3937500
190	147	259	3937500
191	147	259	3937500
192	147	259	3937500
193	147	259	3937500
194	147	259	3937500
195	147	259	3937500
196	147	259	4134375
197	147	259	4134375
198	147	259	4134375
199	147	259	4134375
200	147	259	4134375
201	147	259	4134375
202	147	259	4134375
203	147	259	4134375
204	147	259	4134375
205	147	259	4134375
206	147	259	4134375
207	147	259	4134375
190	153	259	5467500
191	153	259	5467500
192	153	259	5467500
193	153	259	5467500
194	153	259	5467500
195	153	259	5467500
196	153	259	5740875
197	153	259	5740875
198	153	259	5740875
199	153	259	5740875
200	153	259	5740875
206	171	259	4290000
207	171	259	4290000
208	171	259	4547400
209	171	259	4547400
210	171	259	4547400
211	171	259	4547400
212	171	259	4547400
213	171	259	4547400
214	171	259	4547400
215	171	259	4547400
206	175	259	4333500
207	175	259	4333500
208	175	259	4593510
209	175	259	4593510
210	175	259	4593510
211	175	259	4593510
212	175	259	4593510
213	175	259	4593510
214	175	259	4593510
215	175	259	4593510
216	175	259	4593510
217	175	259	4593510
218	175	259	4593510
219	175	259	4593510
220	175	259	4823185.5
221	175	259	4823185.5
222	175	259	4823185.5
223	175	259	4823185.5
224	175	259	4823185.5
225	175	259	4823185.5
211	203	259	4765500
212	203	259	4765500
213	203	259	4765500
214	203	259	4765500
206	169	260	4144000
207	169	260	4144000
208	169	260	4351200
209	169	260	4351200
210	169	260	4351200
211	169	260	4351200
212	169	260	4351200
213	169	260	4351200
214	169	260	4351200
215	169	260	4351200
216	169	260	4351200
217	169	260	4351200
218	169	260	4351200
219	169	260	4351200
220	169	260	4547004
221	169	260	4547004
222	169	260	4547004
223	169	260	4547004
224	169	260	4547004
225	169	260	4547004
226	169	260	4547004
209	133	263	6327360
210	133	263	6327360
211	133	263	6327360
212	133	263	6327360
213	133	263	6327360
214	133	263	6327360
204	148	263	5197500
205	148	263	5197500
206	148	263	5197500
207	148	263	5197500
208	148	263	5457375
209	148	263	5457375
210	148	263	5457375
211	148	263	5457375
212	148	263	5457375
213	148	263	5457375
214	148	263	5457375
215	148	263	5457375
216	148	263	5457375
217	148	263	5457375
218	148	263	5457375
219	148	263	5457375
220	148	263	5730244
190	153	263	8302500
191	153	263	8302500
192	153	263	8302500
193	153	263	8302500
194	153	263	8302500
195	153	263	8302500
196	153	263	8717625
197	153	263	8717625
198	153	263	8717625
199	153	263	8717625
200	153	263	8717625
192	156	263	6150000
193	156	263	6150000
194	156	263	6150000
195	156	263	6150000
196	156	263	6457500
197	156	263	6457500
198	156	263	6457500
199	156	263	6457500
200	156	263	6457500
201	156	263	6457500
202	156	263	6457500
203	156	263	6457500
204	156	263	6457500
205	156	263	6457500
206	156	263	6457500
207	156	263	6457500
208	156	263	6780375
209	156	263	6780375
210	156	263	6780375
211	156	263	6780375
212	156	263	6780375
213	156	263	6780375
214	156	263	6780375
215	156	263	6780375
196	161	263	7402500
197	161	263	7402500
198	161	263	7402500
199	161	263	7402500
200	161	263	7402500
201	161	263	7402500
202	161	263	7402500
203	161	263	7402500
204	161	263	7402500
205	161	263	7402500
206	161	263	7402500
207	161	263	7402500
208	161	263	7772625
209	161	263	7772625
210	161	263	7772625
211	161	263	7772625
212	161	263	7772625
213	161	263	7772625
214	161	263	7772625
215	161	263	7772625
216	161	263	7772625
217	161	263	7772625
218	161	263	7772625
219	161	263	7772625
206	175	263	6580500
207	175	263	6580500
208	175	263	6975330
209	175	263	6975330
210	175	263	6975330
211	175	263	6975330
212	175	263	6975330
213	175	263	6975330
214	175	263	6975330
215	175	263	6975330
216	175	263	6975330
217	175	263	6975330
218	175	263	6975330
219	175	263	6975330
220	175	263	7324096.5
221	175	263	7324096.5
222	175	263	7324096.5
223	175	263	7324096.5
224	175	263	7324096.5
225	175	263	7324096.5
208	180	263	5670000
209	180	263	5670000
210	180	263	5670000
211	180	263	5670000
212	180	263	5670000
213	180	263	5670000
214	180	263	5670000
213	185	263	5674860
214	185	263	5674860
215	185	263	5674860
216	185	263	5674860
217	185	263	5674860
218	185	263	5674860
219	185	263	5674860
208	191	263	14294314
209	191	263	14294314
210	191	263	14294314
211	191	263	14294314
212	191	263	14294314
211	203	263	2859300
212	203	263	2859300
213	203	263	2859300
214	203	263	2859300
208	231	263	0
209	231	263	0
210	231	263	0
211	231	263	0
212	231	263	0
213	231	263	0
214	231	263	1020000
215	231	263	5100000
216	231	263	5100000
217	231	263	5100000
218	231	263	5100000
219	231	263	5100000
220	231	263	5405999.5
221	231	263	5405999.5
222	231	263	5405999.5
223	231	263	5405999.5
224	231	263	5405999.5
225	231	263	5405999.5
226	231	263	5405999.5
227	231	263	5405999.5
228	231	263	4505000
229	231	263	0
230	231	263	0
231	231	263	0
232	231	263	0
233	231	263	0
234	231	263	0
235	231	263	0
236	231	263	0
237	231	263	0
238	231	263	0
239	231	263	0
240	231	263	0
241	231	263	0
242	231	263	0
243	231	263	0
244	231	263	0
245	231	263	0
246	231	263	0
247	231	263	0
248	231	263	0
249	231	263	0
250	231	263	0
251	231	263	0
252	231	263	0
253	231	263	0
254	231	263	0
255	231	263	0
256	231	263	0
257	231	263	0
188	139	271	1635781.875
189	139	271	7010492
190	139	271	7010492
191	139	271	7010492
192	139	271	7010492
193	139	271	7010492
194	139	271	6776809
195	139	271	7010492
196	139	271	7501226.5
197	139	271	7501226.5
198	139	271	7501226.5
199	139	271	7501226.5
200	139	271	7501226.5
201	139	271	7501226.5
202	139	271	7501226.5
203	139	271	7501226.5
204	139	271	7501226.5
205	139	271	7501226.5
206	139	271	7501226.5
207	139	271	7951300
208	139	271	8428378
209	139	271	8428378
210	139	271	8428378
211	139	271	8428378
197	163	272	6150000
198	163	272	6150000
199	163	272	6150000
200	163	272	6150000
201	163	272	6150000
202	163	272	6150000
203	163	272	6150000
204	163	272	6150000
205	163	272	6150000
206	163	272	6150000
207	163	272	6150000
208	163	272	6580500
209	163	272	6580500
210	163	272	6580500
211	163	272	6580500
206	171	272	5400000
207	171	272	5400000
208	171	272	5724000
209	171	272	5724000
210	171	272	5724000
211	171	272	5724000
212	171	272	5724000
213	171	272	5724000
214	171	272	5724000
215	171	272	5724000
216	171	272	5724000
211	179	275	5400000
212	179	275	5400000
208	179	280	5400000
209	179	280	5400000
210	179	280	5400000
211	179	280	5400000
212	179	280	5400000
193	158	283	3344004
194	158	283	3344004
195	158	283	3344004
196	158	283	3578084.25
197	158	283	3578084.25
198	158	283	3578084.25
199	158	283	3578084.25
211	169	290	3668151
212	169	290	3668151
213	169	290	3668151
214	169	290	3668151
215	169	290	3668151
216	169	290	3668151
217	169	290	3668151
218	169	290	3668151
219	169	290	3668151
220	169	290	3833217.75
221	169	290	3833217.75
222	169	290	3833217.75
223	169	290	3833217.75
224	169	290	3833217.75
225	169	290	3833217.75
201	152	291	6821250
202	152	291	6821250
203	152	291	6821250
204	152	291	6821250
205	152	291	6821250
206	152	291	6821250
207	152	291	6821250
208	152	291	7298737.5
209	152	291	7298737.5
199	164	292	825000
200	164	292	825000
201	164	292	825000
202	164	292	825000
199	164	293	3e+05
200	164	293	3e+05
201	164	293	3e+05
202	164	293	3e+05
203	164	293	3e+05
204	164	293	3e+05
205	164	293	3e+05
206	164	293	3e+05
207	164	293	3e+05
208	164	293	318000
200	164	294	825000
202	164	294	825000
204	164	294	825000
206	164	294	825000
208	164	294	874500
192	134	295	348816
193	134	295	348816
194	134	295	348816
195	134	295	348816
196	134	295	362768.625
197	134	295	362768.625
198	134	295	362768.625
199	134	295	362768.625
200	134	295	362768.625
201	134	295	362768.625
202	134	295	362768.625
203	134	295	362768.625
204	134	295	362768.625
205	134	295	362768.625
206	134	295	362768.625
207	134	295	362768.625
208	134	295	377279.375
209	134	295	377279.375
210	134	295	377279.375
211	134	295	377279.375
187	144	296	1950000
188	144	296	1950000
189	144	296	1950000
190	144	296	1950000
191	144	296	1950000
192	144	296	1950000
193	144	296	1950000
194	144	296	1950000
195	144	296	1950000
196	144	296	2076750
197	144	296	2076750
198	144	296	2076750
199	144	296	2076750
200	144	296	2076750
201	144	296	2076750
202	144	296	2076750
203	144	296	2076750
204	144	296	2076750
205	144	296	2076750
206	144	296	2076750
207	144	296	2076750
208	144	296	2211738.75
192	157	297	3150000
193	157	297	3150000
194	157	297	3150000
195	157	297	3150000
196	157	297	3307500
197	157	297	3307500
198	157	297	3307500
199	157	297	3307500
200	157	297	3307500
201	157	297	3307500
202	157	297	3307500
203	157	297	3307500
204	157	297	3307500
205	157	297	3307500
206	157	297	3307500
207	157	297	3307500
208	157	297	3472875
209	157	297	3472875
210	157	297	3472875
211	157	297	3472875
212	157	297	3472875
213	157	297	3472875
214	157	297	3472875
215	157	297	3472875
216	157	297	3472875
217	157	297	3472875
218	157	297	3472875
219	157	297	3472875
220	157	297	3646518.75
221	157	297	3646518.75
214	196	298	1652400
215	196	298	1652400
216	196	298	1652400
217	196	298	1652400
218	196	298	1652400
219	196	298	1652400
220	196	298	1735020
221	196	298	1735020
222	196	298	1735020
223	196	298	1735020
224	196	298	1735020
225	196	298	1735020
208	231	298	3080000
209	231	298	7700000
210	231	298	7700000
211	231	298	7700000
212	231	298	7700000
213	231	298	7700000
214	231	298	7700000
215	231	298	7700000
216	231	298	7700000
217	231	298	7700000
218	231	298	7700000
219	231	298	7700000
220	231	298	8161999.5
221	231	298	8161999.5
222	231	298	8161999.5
223	231	298	8161999.5
224	231	298	8161999.5
225	231	298	8161999.5
226	231	298	8161999.5
227	231	298	8161999.5
228	231	298	8161999.5
229	231	298	8161999.5
230	231	298	8161999.5
231	231	298	8161999.5
232	231	298	8749664
233	231	298	8749664
234	231	298	8749664
235	231	298	8749664
236	231	298	8749664
237	231	298	8749664
238	231	298	8749664
239	231	298	8749664
240	231	298	8749664
241	231	298	8749664
242	231	298	8749664
243	231	298	8749664
244	231	298	9397139
245	231	298	9397139
246	231	298	9397139
247	231	298	9397139
248	231	298	9397139
249	231	298	5638283.5
250	231	298	0
251	231	298	0
252	231	298	0
253	231	298	0
254	231	298	0
255	231	298	0
256	231	298	0
257	231	298	0
186	147	299	7875000
187	147	299	7875000
188	147	299	7875000
189	147	299	7875000
190	147	299	7875000
191	147	299	7875000
192	147	299	7875000
193	147	299	7875000
194	147	299	7875000
195	147	299	7875000
196	147	299	8268750
197	147	299	8268750
198	147	299	8268750
199	147	299	8268750
200	147	299	8268750
201	147	299	8268750
202	147	299	8268750
203	147	299	8268750
204	147	299	8268750
205	147	299	8268750
206	147	299	8268750
207	147	299	8268750
208	147	299	8682188
202	154	300	7944750
203	154	300	8827500
204	154	300	8827500
205	154	300	8827500
206	154	300	8827500
207	154	300	7356250
208	154	300	8725101
209	154	300	9348322
210	154	300	9348322
197	154	301	1177000
198	154	301	8827500
199	154	301	8827500
200	154	301	5002250
201	154	301	4119500
202	154	301	8827500
203	154	301	8827500
204	154	301	8827500
205	154	301	8827500
206	154	301	8827500
207	154	301	8827500
208	154	301	9348322
209	154	301	9348322
210	154	301	4168014.75
197	154	302	8827500
198	154	302	8827500
199	154	302	8827500
200	154	302	8827500
201	154	302	8827500
202	154	302	8827500
203	154	302	8827500
204	154	302	8827500
205	154	302	8827500
206	154	302	8827500
207	154	302	8239000
208	154	302	6923991
209	154	302	9348322
192	156	303	9e+06
193	156	303	9e+06
194	156	303	9e+06
195	156	303	9e+06
196	156	303	9450000
197	156	303	9450000
198	156	303	9450000
199	156	303	9450000
200	156	303	9450000
201	156	303	9450000
202	156	303	9450000
203	156	303	9450000
204	156	303	9450000
205	156	303	9450000
206	156	303	9450000
207	156	303	9450000
208	156	303	9922500
209	156	303	9922500
210	156	303	9922500
211	156	303	9922500
212	156	303	9922500
213	156	303	9922500
214	156	303	9922500
215	156	303	9922500
216	156	303	9922500
217	156	303	9922500
218	156	303	9922500
219	156	303	9922500
220	156	303	10418625
221	156	303	10418625
222	156	303	10418625
223	156	303	10418625
224	156	303	10418625
225	156	303	10418625
192	155	304	3300000
193	155	304	8250000
194	155	304	8250000
195	155	304	8250000
196	155	304	7062000
197	155	304	8827500
198	155	304	8827500
199	155	304	8827500
200	155	304	8827500
201	155	304	8827500
202	155	304	8827500
203	155	304	8827500
204	155	304	8239000
205	155	304	8827500
206	155	304	8827500
207	155	304	8827500
208	155	304	9445425
209	155	304	9445425
210	155	304	9445425
211	155	304	9445425
196	154	305	410238
197	154	305	820476
198	154	305	-152793.140625
200	154	305	2899015.25
201	154	305	5849453.5
202	154	305	2051190
203	154	305	2051190
204	154	305	2051190
205	154	305	2051190
206	154	305	2051190
207	154	305	2051190
208	154	305	-7014057
209	154	305	1325048.25
192	156	305	766800
193	156	305	766800
194	156	305	766800
195	156	305	766800
196	156	305	805140
197	156	305	805140
198	156	305	805140
199	156	305	805140
200	156	305	805140
201	156	305	805140
202	156	305	805140
203	156	305	805140
204	156	305	805140
205	156	305	805140
206	156	305	805140
207	156	305	805140
208	156	305	845397
209	156	305	845397
210	156	305	845397
211	156	305	845397
212	156	305	845397
213	156	305	845397
214	156	305	845397
215	156	305	845397
216	156	305	845397
217	156	305	845397
218	156	305	845397
219	156	305	845397
220	156	305	887666.875
221	156	305	887666.875
222	156	305	887666.875
223	156	305	887666.875
224	156	305	887666.875
225	156	305	887666.875
214	185	306	851229
216	185	306	851229
218	185	306	851229
188	157	307	675000
189	157	307	675000
190	157	307	675000
191	157	307	675000
188	157	308	645000
189	157	308	645000
190	157	308	645000
191	157	308	645000
211	196	308	840000
213	196	308	840000
205	172	309	634500
206	172	309	1269000
207	172	309	1269000
208	172	309	1345140
209	172	309	1345140
210	172	309	1345140
211	172	309	2017710
212	172	309	672570
213	172	309	672570
214	172	309	672570
215	172	309	672570
216	172	309	672570
188	157	310	660000
189	157	310	660000
190	157	310	660000
191	157	310	660000
205	172	310	634500
206	172	310	1269000
207	172	310	1269000
208	172	310	1345140
209	172	310	1345140
210	172	310	1345140
211	172	310	2017710
212	172	310	672570
213	172	310	672570
214	172	310	672570
215	172	310	672570
216	172	310	672570
211	196	310	885000
213	196	310	885000
221	196	310	918225
223	196	310	918225
224	196	310	918225
206	169	311	3304800
207	169	311	3304800
208	169	311	3470040
209	169	311	3470040
210	169	311	3470040
211	169	311	3470040
212	169	311	3470040
213	169	311	3470040
214	169	311	3470040
215	169	311	3470040
216	169	311	3470040
217	169	311	3470040
218	169	311	3470040
219	169	311	3470040
220	169	311	3626191.75
221	169	311	3626191.75
222	169	311	3626191.75
213	169	312	3470040
214	169	312	3470040
215	169	312	3470040
216	169	312	3470040
217	169	312	3470040
218	169	312	3470040
219	169	312	3470040
220	169	312	3626191.75
221	169	312	3626191.75
222	169	312	3626191.75
223	169	312	3626191.75
224	169	312	3626191.75
225	169	312	3626191.75
226	169	312	3626191.75
227	169	312	3626191.75
228	169	312	3626191.75
229	169	312	3626191.75
215	169	313	3470040
216	169	313	3470040
217	169	313	3470040
218	169	313	3470040
219	169	313	3470040
220	169	313	7252383.5
221	169	313	7252383.5
222	169	313	7252383.5
223	169	313	7252383.5
224	169	313	7252383.5
225	169	313	7252383.5
226	169	313	7252383.5
196	134	314	3398214.25
197	134	314	3398214.25
198	134	314	3398214.25
199	134	314	3398214.25
200	134	314	3398214.25
201	134	314	3398214.25
202	134	314	3398214.25
203	134	314	3398214.25
204	134	314	3398214.25
205	134	314	3398214.25
206	134	314	3398214.25
207	134	314	3398214.25
208	134	314	3534142.75
209	134	314	3534142.75
210	134	314	3534142.75
211	134	314	3534142.75
193	141	314	3141840
194	141	314	3141840
195	141	314	3141840
196	141	314	3267513.5
197	141	314	3267513.5
198	141	314	3267513.5
199	141	314	3267513.5
200	141	314	3267513.5
201	141	314	3267513.5
202	141	314	3267513.5
203	141	314	3267513.5
204	141	314	3267513.5
218	150	314	3426418.25
219	150	314	3426418.25
220	150	314	3597739
221	150	314	3597739
222	150	314	3597739
223	150	314	3597739
224	150	314	3597739
225	150	314	3597739
226	150	314	3597739
227	150	314	3597739
228	150	314	3597739
229	150	314	7195478
210	156	314	3541009.5
211	156	314	3541009.5
212	156	314	3541009.5
213	156	314	3541009.5
214	156	314	3541009.5
215	156	314	3541009.5
216	156	314	3541009.5
217	156	314	3541009.5
218	156	314	3541009.5
219	156	314	3541009.5
220	156	314	3718060
221	156	314	3718060
222	156	314	3718060
223	156	314	3718060
224	156	314	3718060
225	156	314	3718060
208	195	314	2309126.25
209	195	314	10391068.5
210	195	314	3463689.5
211	195	314	3463689.5
212	195	314	3463689.5
213	195	314	3463689.5
198	140	315	3611462.5
199	140	315	3611462.5
200	140	315	3611462.5
201	140	315	3611462.5
202	140	315	3611462.5
203	140	315	3611462.5
204	140	315	3611462.5
205	140	315	3611462.5
207	140	316	3611462.5
208	140	316	3755921
209	140	316	3755921
210	140	316	3755921
211	140	316	3755921
212	140	316	3755921
213	140	316	3755921
214	140	316	3755921
215	140	316	3755921
216	140	316	3755921
217	140	316	3755921
191	131	317	230622.078125
192	131	317	3459331.25
193	131	317	3459331.25
194	131	317	3344020.25
195	131	317	3459331.25
196	131	317	2894307
197	131	317	3701484.5
198	131	317	3701484.5
199	131	317	3701484.5
200	131	317	3701484.5
201	131	317	3701484.5
202	131	317	3701484.5
203	131	317	3701484.5
204	131	317	3701484.5
205	131	317	3701484.5
206	131	317	3701484.5
207	131	317	3701484.5
208	131	317	3701484.5
208	179	318	3434400
209	179	318	3434400
210	179	318	3434400
193	148	319	3052800
194	148	319	3052800
195	148	319	3052800
196	148	319	3205440
197	148	319	3205440
198	148	319	3205440
199	148	319	3205440
200	148	319	3205440
201	148	319	3205440
202	148	319	3205440
203	148	319	3205440
186	144	320	3219750
187	144	320	3219750
188	144	320	3219750
189	144	320	3219750
190	144	320	3219750
191	144	320	3219750
192	144	320	3219750
193	144	320	3219750
184	139	321	2824351.5
185	139	321	1916524.5
202	139	321	2263398.5
203	139	321	4850140
204	139	321	4850140
205	139	321	4850140
206	139	321	4850140
207	139	321	4850140
208	139	321	4850140
209	139	321	4850140
210	139	321	4850140
208	174	322	2699999.75
209	174	322	2699999.75
210	174	322	5399999.5
211	174	322	5399999.5
212	174	322	5399999.5
213	174	322	5399999.5
214	174	322	4049999.5
175	140	323	3339000
176	140	323	3339000
177	140	323	3339000
178	140	323	3339000
179	140	323	3339000
180	140	323	3339000
181	140	323	3339000
182	140	323	3339000
183	140	323	3339000
184	140	323	3472560
185	140	323	3472560
186	140	323	3472560
187	140	323	3472560
188	140	323	3472560
189	140	323	3472560
190	140	323	3472560
191	140	323	3472560
192	140	323	3472560
193	140	323	3472560
194	140	323	3472560
195	140	323	3472560
196	140	323	3611462.5
197	140	323	3611462.5
198	140	324	3611462.5
199	140	324	3611462.5
200	140	324	3611462.5
201	140	324	3611462.5
202	140	324	3611462.5
203	140	324	3611462.5
204	140	324	3611462.5
205	140	324	3611462.5
206	140	324	3611462.5
207	140	324	3611462.5
208	140	324	3755921
209	140	324	3755921
210	140	324	3755921
211	140	324	3755921
212	140	324	3755921
194	144	325	3219750
195	144	325	3219750
196	144	325	3429033.75
197	144	325	3429033.75
198	144	325	3429033.75
199	144	325	3429033.75
200	144	325	3429033.75
201	144	325	3429033.75
202	144	325	3429033.75
203	144	325	3429033.75
204	144	325	3429033.75
205	144	325	3429033.75
206	144	325	3429033.75
207	144	325	3429033.75
208	144	325	3651921
203	140	326	3611462.5
204	140	326	3611462.5
205	140	326	3611462.5
206	140	326	3611462.5
207	140	326	3611462.5
208	140	326	3755921
209	140	326	3755921
210	140	326	3755921
211	140	326	3755921
212	140	326	3755921
213	140	326	3755921
214	140	326	3755921
215	140	326	3755921
193	133	327	3472560
194	133	327	3472560
195	133	327	3472560
196	133	327	3472560
197	133	327	3472560
198	133	327	3472560
199	133	327	3472560
200	133	327	3472560
201	133	327	3472560
202	133	327	3472560
203	133	327	3472560
204	133	327	3611462.5
205	133	327	3611462.5
206	133	327	3611462.5
207	133	327	3611462.5
208	133	327	3611462.5
209	133	327	3611462.5
210	133	327	3611462.5
211	133	327	3611462.5
212	133	327	3611462.5
187	134	327	4127385.5
188	134	327	4127385.5
189	134	327	4127385.5
190	134	327	4127385.5
191	134	327	4127385.5
192	134	327	4127385.5
193	134	327	4127385.5
194	134	327	4127385.5
195	134	327	4127385.5
196	134	327	4292481
197	134	327	4292481
198	134	327	4292481
199	134	327	4292481
200	134	327	4292481
201	134	327	4292481
202	134	327	4292481
203	134	327	4292481
204	134	327	4292481
205	134	327	4292481
206	134	327	4292481
207	134	327	4292481
208	134	327	4464180.5
209	134	327	4464180.5
204	148	327	3205440
205	148	327	3205440
206	148	327	3205440
207	148	327	3205440
208	148	327	3365712
209	148	327	3365712
210	148	327	3365712
211	148	327	3365712
212	148	327	3365712
213	148	327	3365712
214	148	327	3365712
215	148	327	3365712
216	148	327	3365712
217	148	327	3365712
218	148	327	3365712
219	148	327	3365712
197	156	327	3672900
198	156	327	3672900
199	156	327	3672900
200	156	327	3672900
201	156	327	3672900
202	156	327	3672900
203	156	327	3672900
204	156	327	3672900
205	156	327	3672900
206	156	327	3672900
207	156	327	3672900
208	156	327	3856545
209	156	327	3856545
210	156	327	3856545
211	156	327	3856545
212	156	327	3856545
213	156	327	3856545
214	156	327	3856545
215	156	327	3856545
216	156	327	3856545
217	156	327	3856545
218	156	327	3856545
219	156	327	3856545
220	156	327	4049372.25
221	156	327	4049372.25
222	156	327	4049372.25
223	156	327	4049372.25
224	156	327	4049372.25
225	156	327	4049372.25
196	140	328	4333755
197	140	328	4333755
198	140	328	4333755
199	140	328	4333755
200	140	328	4333755
201	140	328	4333755
202	140	328	4333755
203	140	328	4333755
204	140	328	4333755
205	140	328	4333755
200	140	329	4333755
201	140	329	4333755
202	140	329	4333755
203	140	329	4333755
204	140	329	4333755
205	140	329	4333755
206	140	329	4333755
207	140	329	4333755
208	140	329	4507105
209	140	329	4507105
210	140	329	4507105
211	140	329	4507105
212	140	329	4507105
213	140	329	4507105
214	140	329	4507105
215	140	329	4507105
216	140	329	4507105
175	134	330	3141840
176	134	330	3141840
181	134	330	3141840
182	134	330	3141840
183	134	330	3141840
184	134	330	3267513.5
185	134	330	3267513.5
186	134	330	3267513.5
187	134	330	3267513.5
188	134	330	3267513.5
189	134	330	3267513.5
190	134	330	3267513.5
191	134	330	3267513.5
192	134	330	3267513.5
193	134	330	3267513.5
194	134	330	3267513.5
195	134	330	3267513.5
196	134	330	3398214.25
197	134	330	3398214.25
198	134	330	3398214.25
199	134	330	3398214.25
200	134	330	3398214.25
201	134	330	3398214.25
202	134	330	3398214.25
208	179	331	3434400
209	179	331	3434400
210	174	332	3449999.5
211	174	332	3449999.5
212	174	332	3449999.5
213	174	332	3449999.5
200	140	333	6132672
201	140	333	6132672
202	140	333	6132672
203	140	333	6132672
204	140	333	6132672
205	140	333	6132672
206	140	333	6132672
207	140	333	6132672
208	140	333	6377979
209	140	333	6377979
210	140	333	6377979
211	140	333	6377979
212	140	333	6377979
213	140	333	6377979
214	140	333	6377979
215	140	333	6377979
216	140	333	6377979
217	140	333	6377979
193	154	334	2e+06
194	154	334	2400000
195	154	334	2400000
196	154	334	2568000
197	154	334	3937600
198	154	334	6505600
199	154	334	9073600
200	154	334	11641600
201	154	334	10272000
202	154	334	1540800
203	154	334	1540800
204	154	334	1540800
205	154	334	1540800
206	154	334	1540800
207	154	334	1540800
208	154	334	-4403535
202	154	335	2568000
203	154	335	1540800
204	154	335	1540800
205	154	335	1540800
206	154	335	1540800
207	154	335	1540800
208	154	335	-4403535
202	154	336	2568000
203	154	336	1540800
204	154	336	1540800
205	154	336	1540800
206	154	336	1540800
207	154	336	1540800
208	154	336	-4403535
209	154	336	1595809.625
202	154	337	2568000
203	154	337	1540800
204	154	337	1540800
205	154	337	1540800
206	154	337	1540800
207	154	337	1540800
208	154	337	-4403535
209	154	337	1631707.25
202	154	338	1540800
203	154	338	1540800
204	154	338	1540800
205	154	338	1540800
206	154	338	1540800
207	154	338	1540800
208	154	338	-4403535
209	154	338	1631707.25
200	162	339	1765500
201	162	339	1765500
202	162	339	1765500
203	162	339	1765500
204	162	339	1765500
174	140	340	5670000
175	140	340	5670000
176	140	340	5670000
177	140	340	5670000
178	140	340	5670000
179	140	340	5670000
180	140	340	5670000
181	140	340	5670000
182	140	340	5670000
183	140	340	5670000
184	140	340	5896800
185	140	340	5896800
186	140	340	5896800
187	140	340	5896800
188	140	340	5896800
189	140	340	5896800
190	140	340	5896800
191	140	340	5896800
192	140	340	5896800
193	140	340	5896800
194	140	340	5896800
195	140	340	5896800
196	140	340	6132672
197	140	340	6132672
198	140	340	6132672
199	140	340	6132672
200	140	340	6132672
201	140	340	6132672
202	140	340	6132672
203	140	340	6132672
204	140	340	6132672
205	140	340	6132672
206	140	340	6132672
207	140	340	6132672
208	140	340	6377979
209	140	340	6377979
210	140	340	6377979
211	140	340	6377979
212	140	340	6377979
197	154	341	3692142
198	154	341	6153570
199	154	341	3076785
200	154	341	3076785
201	154	341	1538392.5
202	154	341	3076785
203	154	341	12307140
204	154	341	4615177.5
205	154	341	1538392.5
206	154	341	2179389.5
200	154	342	1540800
201	154	342	1538394.625
203	154	342	1540800
204	154	342	6163200
192	152	343	4650000
193	152	343	4650000
194	152	343	4650000
195	152	343	4650000
196	152	343	4975500
197	152	343	4975500
198	152	343	4975500
199	152	343	4975500
200	152	343	4975500
201	152	343	4975500
202	152	343	4975500
203	152	343	4975500
204	152	343	4975500
205	152	343	4975500
206	152	343	4975500
207	152	343	4975500
208	152	343	5323785
209	152	343	5323785
200	131	344	5029774.5
201	131	344	5389044.5
202	131	344	5389044.5
203	131	344	5389044.5
204	131	344	5389044.5
205	131	344	5389044.5
206	131	344	5389044.5
207	131	344	5389044.5
208	131	344	5658496.5
196	134	344	6074265.5
197	134	344	6074265.5
198	134	344	6074265.5
199	134	344	6074265.5
200	134	344	6074265.5
201	134	344	6074265.5
202	134	344	6074265.5
203	134	344	6074265.5
204	134	344	6074265.5
205	134	344	6074265.5
206	134	344	6074265.5
207	134	344	6074265.5
208	134	344	6317236
209	134	344	6317236
210	134	344	6317236
211	134	344	6317236
197	144	344	6635216
198	144	344	6635216
199	144	344	6635216
200	144	344	6635216
201	144	344	6635216
202	144	344	6635216
203	144	344	6635216
204	144	344	6635216
205	144	344	6635216
206	144	344	6635216
207	144	344	6635216
208	144	344	7066505.5
204	147	344	6449625
205	147	344	6449625
206	147	344	6449625
207	147	344	6449625
208	147	344	6772106
205	161	344	4331250
206	161	344	4331250
207	161	344	4331250
208	161	344	4547812.5
209	161	344	4547812.5
210	161	344	4547812.5
211	161	344	4547812.5
212	161	344	4547812.5
213	161	344	4547812.5
214	161	344	4547812.5
215	161	344	4547812.5
216	161	344	4547812.5
217	161	344	4547812.5
180	131	345	2353500
181	131	345	4707000
182	131	345	4707000
183	131	345	4707000
184	131	345	5036490
185	131	345	5036490
186	131	345	5036490
187	131	345	5036490
188	131	345	5036490
189	131	345	5036490
190	131	345	1007298
191	131	345	4700724
192	131	345	5036490
193	131	345	5036490
194	131	345	8729916
195	131	345	10072980
196	131	345	7146779.5
197	131	345	10778089
198	131	345	10778089
199	131	345	10778089
200	131	345	10778089
201	131	345	9879914.5
202	131	345	7903931.75
203	131	345	10778089
204	131	345	10778089
205	131	345	10778089
206	131	345	10778089
207	131	345	10778089
208	131	345	11316993
209	131	345	11316993
210	169	346	4708620
211	169	346	4708620
212	169	346	4708620
213	169	346	4708620
214	169	346	4708620
215	169	346	4708620
216	169	346	4708620
217	169	346	4708620
218	169	346	4708620
219	169	346	4708620
220	169	346	4920508
221	169	346	4920508
222	169	346	4920508
223	169	346	4920508
224	169	346	4920508
225	169	346	4920508
226	169	346	4920508
205	172	347	5400000
206	172	347	5400000
207	172	347	5400000
208	172	347	5724000
209	172	347	5724000
210	172	347	5724000
211	172	347	5724000
211	172	348	5724000
212	172	348	5724000
213	172	348	5724000
214	172	348	5724000
215	172	348	5724000
216	172	348	5724000
206	172	349	5400000
207	172	349	5400000
208	172	349	5724000
209	172	349	5724000
210	172	349	5724000
211	172	349	5724000
199	141	350	6327360
200	141	350	6327360
201	141	350	6327360
202	141	350	6327360
203	141	350	6327360
204	141	350	6327360
189	157	351	1350000
190	157	351	1350000
191	157	351	1350000
192	157	351	6750000
193	157	351	6750000
194	157	351	6750000
195	157	351	6750000
196	157	351	7087500
197	157	351	7087500
198	157	351	7087500
199	157	351	7087500
200	157	351	7087500
201	157	351	7087500
202	157	351	7087500
203	157	351	7087500
204	157	351	7087500
205	157	351	7087500
206	157	351	7087500
207	157	351	7087500
208	157	351	7441875
209	157	351	7441875
210	157	351	7441875
211	157	351	7441875
212	157	351	7441875
213	157	351	7441875
214	157	351	7441875
215	157	351	7441875
216	157	351	7441875
217	157	351	7441875
218	157	351	7441875
219	157	351	7441875
220	157	351	7813969
221	157	351	7813969
180	131	352	2353500
181	131	352	4707000
182	131	352	4707000
183	131	352	4707000
184	131	352	2686128
185	131	352	5036490
186	131	352	5036490
187	131	352	5036490
188	131	352	5036490
189	131	352	5036490
190	131	352	5036490
191	131	352	5036490
192	131	352	5036490
193	131	352	5036490
194	131	352	5036490
195	131	352	5036490
196	131	352	1616713.25
197	131	352	5389044.5
198	131	352	5389044.5
199	131	352	4131600.75
196	140	353	6132672
197	140	353	6132672
198	140	353	6132672
199	140	353	6132672
200	140	353	6132672
201	140	353	6132672
202	140	353	6132672
203	140	353	6132672
204	140	353	6132672
205	140	353	6132672
206	140	353	6132672
207	140	353	6132672
208	140	353	6377979
209	140	353	6377979
210	140	353	6377979
211	140	353	6377979
212	140	353	6377979
213	140	353	6377979
214	140	353	6377979
215	140	353	6377979
216	140	353	6377979
201	140	354	7325136
202	140	354	7325136
203	140	354	7325136
204	140	354	7325136
205	140	354	7325136
206	140	354	7325136
207	140	354	7325136
208	140	354	7618141.5
209	140	354	7618141.5
210	140	354	7618141.5
211	140	354	7618141.5
212	140	354	7618141.5
213	140	354	7618141.5
214	140	354	7618141.5
215	140	354	7618141.5
216	140	354	7618141.5
208	179	355	5400000
209	179	355	5400000
203	163	356	6150000
204	163	356	6150000
205	163	356	6150000
206	163	356	6150000
207	163	356	6150000
212	169	357	6692017
213	169	357	6692017
214	169	357	6692017
215	169	357	6692017
216	169	357	6692017
217	169	357	6692017
218	169	357	6692017
219	169	357	6692017
220	169	357	6993158
221	169	357	6993158
222	169	357	6993158
223	169	357	6993158
224	169	357	6993158
225	169	357	6993158
226	169	357	6993158
210	169	358	5594400
211	169	358	5594400
212	169	358	5594400
213	169	358	11188800
214	169	358	11188800
215	169	358	11188800
216	169	358	11188800
217	169	358	11188800
218	169	358	11188800
219	169	358	11188800
220	169	358	11692296
221	169	358	11692296
222	169	358	11692296
223	169	358	11692296
224	169	358	11692296
225	169	358	11692296
226	169	358	11692296
227	169	358	5846148
228	169	358	5846148
229	169	358	5846148
202	139	359	2481355.5
203	139	359	5317190.5
204	139	359	5317190.5
205	139	359	5317190.5
206	139	359	5317190.5
207	139	359	5317190.5
208	139	359	5636222
209	139	359	5636222
210	139	359	5636222
211	139	359	5636222
212	139	359	5636222
208	178	360	9135000
209	178	360	9135000
210	178	360	9135000
211	178	360	4567500
205	172	361	1822500
206	172	361	1822500
207	172	361	1822500
208	172	361	1931850
209	172	361	1931850
210	172	361	1931850
211	172	361	1931850
211	172	362	1931850
212	172	362	1931850
213	172	362	1931850
214	172	362	1931850
215	172	362	1931850
216	172	362	1931850
206	172	363	1822500
207	172	363	1822500
208	172	363	1931850
209	172	363	1931850
210	172	363	1931850
211	172	363	1931850
